"Date","Ticker","GROSS_MARGIN","BS_INVENTORIES","pred"
20101231,"175 HK Equity",-0.229036568671008,-0.297896044659651,"2"
20101231,"1093 HK Equity",0.101107418343048,-0.282870608422157,"2"
20101231,"268 HK Equity",1.16719168760589,-0.341282483728947,"3"
20101231,"1208 HK Equity",-0.559614862532452,-0.332836657910392,"2"
20101231,"390 HK Equity",-0.506943747066166,2,"1"
20101231,"2233 HK Equity",0.330666339104794,-0.332655494423891,"3"
20101231,"151 HK Equity",0.292247168326293,-0.23798732330187,"2"
20101231,"2331 HK Equity",0.452295075394758,-0.298505987127925,"3"
20101231,"1728 HK Equity",-0.455641060243773,-0.321352735892763,"2"
20101231,"3883 HK Equity",-0.216517167105849,0.0746662060103136,"2"
20101231,"539 HK Equity",-0.216295034705221,-0.227191916016684,"2"
20101231,"2018 HK Equity",0.395517611988823,-0.325776857365517,"3"
20101231,"751 HK Equity",-0.151231865257829,-0.117312302495204,"2"
20101231,"867 HK Equity",0.819113112419789,-0.336289006104518,"3"
20101231,"1128 HK Equity",1.62267021013372,-0.327642903502022,"3"
20101231,"1109 HK Equity",0.183196071119188,2,"1"
20101231,"2689 HK Equity",-0.14192021022288,-0.0855791893805905,"2"
20101231,"2382 HK Equity",-0.16245985516849,-0.331333680598928,"2"
20101231,"3339 HK Equity",-0.103683795255608,-0.182751872004141,"2"
20101231,"880 HK Equity",1.66684157700923,-0.337879621765516,"3"
20101231,"291 HK Equity",-0.0381969630120595,0.324715139333357,"2"
20101231,"3900 HK Equity",-0.0327470302748007,2,"1"
20101231,"1207 HK Equity",0.367467583840679,0.201779558258439,"3"
20101231,"2777 HK Equity",0.0860523431132194,2,"1"
20101231,"2006 HK Equity",-0.0868152720597161,-0.337957019768119,"2"
20101231,"1898 HK Equity",-0.102747611443276,-0.00312972697299858,"2"
20101231,"272 HK Equity",0.565997878531379,0.48481561766692,"3"
20101231,"2314 HK Equity",-0.0650462779468501,-0.191662087713805,"2"
20101231,"69 HK Equity",0.634349189852978,-0.337059230118962,"3"
20101231,"960 HK Equity",0.032391681099197,0.991933718265063,"1"
20101231,"215 HK Equity",1.46976135445437,-0.330547537058881,"3"
20101231,"189 HK Equity",-0.30759662688315,-0.31219931785534,"2"
20101231,"425 HK Equity",0.237734711777753,-0.31420758876748,"2"
20101231,"142 HK Equity",0.0536290321409745,-0.304100388144865,"2"
20101231,"3933 HK Equity",0.259927558364303,-0.288483183991861,"2"
20101231,"497 HK Equity",-0.217024510972803,-0.020392811230476,"2"
20101231,"2688 HK Equity",0.0527572006774793,-0.321982384612797,"2"
20101231,"1777 HK Equity",0.322681284280463,-0.0304052859394578,"3"
20101231,"1733 HK Equity",-0.22596566993913,-0.260529318077009,"2"
20101231,"1193 HK Equity",0.0716553511584731,-0.332406448173198,"2"
20101231,"1124 HK Equity",-0.162334852557247,0.251133787850203,"2"
20101231,"683 HK Equity",0.114279210995577,0.676373839389208,"2"
20101231,"1212 HK Equity",0.671019732575179,-0.337307936606694,"3"
20101231,"819 HK Equity",0.0131263624010855,-0.300710437173967,"2"
20111231,"175 HK Equity",-0.427493682004243,-0.307162786395617,"2"
20111231,"1093 HK Equity",-0.0416796317499343,-0.305391108397804,"2"
20111231,"981 HK Equity",-0.372806998824804,-0.346439994567471,"2"
20111231,"268 HK Equity",1.64016678969874,-0.357179765825209,"3"
20111231,"2600 HK Equity",-0.857853613800871,0.749121197640886,"2"
20111231,"1208 HK Equity",-0.148780735867699,-0.338800072202611,"2"
20111231,"697 HK Equity",-0.891430381419368,-0.179932176249793,"2"
20111231,"1918 HK Equity",0.457135937010291,0.102056396009463,"3"
20111231,"390 HK Equity",-0.87114785595607,2,"1"
20111231,"616 HK Equity",-0.688875699919205,-0.356968036111188,"2"
20111231,"2233 HK Equity",0.350973099029855,-0.348802472430565,"3"
20111231,"151 HK Equity",0.257073667107034,-0.243747113182874,"2"
20111231,"2331 HK Equity",0.600447710254674,-0.316357230505169,"3"
20111231,"1728 HK Equity",-0.760954186691943,-0.319245908573257,"2"
20111231,"3883 HK Equity",-0.126743384942462,-0.0766684248720291,"2"
20111231,"539 HK Equity",-0.405108215744483,-0.243504276878901,"2"
20111231,"2018 HK Equity",0.522736542251688,-0.339859584353602,"3"
20111231,"1368 HK Equity",0.364268487833736,-0.333783073638284,"3"
20111231,"751 HK Equity",-0.400739942795367,-0.222104894887721,"2"
20111231,"867 HK Equity",1.0207924510087,-0.35193207805519,"3"
20111231,"1128 HK Equity",2,-0.348453992143094,"3"
20111231,"1109 HK Equity",0.321939158722523,2,"1"
20111231,"2689 HK Equity",-0.46575696370139,-0.227358362218547,"2"
20111231,"2382 HK Equity",-0.315244344599516,-0.346074572804146,"2"
20111231,"3339 HK Equity",-0.0679269597928764,-0.177482298870216,"2"
20111231,"880 HK Equity",2,-0.354441046038261,"3"
20111231,"83 HK Equity",0.953117423767241,0.856719520058389,"3"
20111231,"2128 HK Equity",-0.143956525441234,-0.299397822648959,"2"
20111231,"1929 HK Equity",-0.074227969634629,0.511420710802488,"2"
20111231,"291 HK Equity",-0.166429970972489,0.315680567234287,"2"
20111231,"3900 HK Equity",0.00210905977061499,2,"1"
20111231,"1207 HK Equity",0.354627948521737,0.0979862959052803,"3"
20111231,"853 HK Equity",1.99681358166673,-0.356628412848994,"3"
20111231,"2777 HK Equity",0.259805834474155,1.37530954090784,"1"
20111231,"2006 HK Equity",-0.235885584947567,-0.352871563973869,"2"
20111231,"1898 HK Equity",-0.349641278525077,-0.0415619314451648,"2"
20111231,"272 HK Equity",0.383833279503066,0.40140050575783,"3"
20111231,"81 HK Equity",0.501148663797102,-0.0997686548202251,"3"
20111231,"2314 HK Equity",-0.427860884060634,-0.206573748221388,"2"
20111231,"220 HK Equity",0.0603791138896276,-0.299413316306055,"2"
20111231,"59 HK Equity",-0.503105942150299,-0.335940733507787,"2"
20111231,"69 HK Equity",0.941538446537424,-0.353871285848132,"3"
20111231,"960 HK Equity",0.119488133280694,1.42121993922384,"1"
20111231,"215 HK Equity",1.83729654502372,-0.34513977189306,"3"
20111231,"189 HK Equity",-0.101714965203996,-0.332205209759397,"2"
20111231,"425 HK Equity",0.218956035673955,-0.334289436831508,"2"
20111231,"2268 HK Equity",0.0834934267060259,-0.349838871093102,"2"
20111231,"297 HK Equity",-0.901450209110662,-0.0962716094164578,"2"
20111231,"142 HK Equity",0.181118774422058,-0.324998017668197,"2"
20111231,"3933 HK Equity",0.32311495903162,-0.303524810128116,"3"
20111231,"639 HK Equity",1.54488257256527,-0.350435148296359,"3"
20111231,"497 HK Equity",0.177924843239503,-0.146439359909201,"2"
20111231,"2688 HK Equity",-0.12679398643597,-0.344630817957173,"2"
20111231,"496 HK Equity",-0.427215337121689,-0.268940086736294,"2"
20111231,"1777 HK Equity",0.449744229986163,0.0310554677943675,"3"
20111231,"1733 HK Equity",-0.269717190349621,-0.257077025288293,"2"
20111231,"1193 HK Equity",-0.0246826474685129,-0.345242995208532,"2"
20111231,"1124 HK Equity",-0.0685343144199492,0.17263549036054,"2"
20111231,"683 HK Equity",-0.1937718577577,0.244358321398559,"2"
20111231,"1212 HK Equity",0.963154043352227,-0.354150933658997,"3"
20111231,"976 HK Equity",-0.740719890178614,-0.240269302874998,"2"
20111231,"1399 HK Equity",-0.474915478735609,-0.346463438197819,"2"
20111231,"819 HK Equity",-0.256114526826218,-0.31568790451862,"2"
20121231,"175 HK Equity",-0.476240485736355,-0.313475756224172,"2"
20121231,"1093 HK Equity",-0.404491590440717,-0.314567562237104,"2"
20121231,"981 HK Equity",-0.882187576615751,-0.361047796201738,"2"
20121231,"2238 HK Equity",-1.03158047030069,-0.306064395915793,"2"
20121231,"268 HK Equity",1.5304676237599,-0.369455118230187,"3"
20121231,"2600 HK Equity",-0.975177941783914,0.628159466877901,"2"
20121231,"1030 HK Equity",-0.0948844724444306,0.632406589271683,"2"
20121231,"530 HK Equity",1.7297538267163,-0.366468314217342,"3"
20121231,"1208 HK Equity",0.427007457275387,-0.358107455055223,"3"
20121231,"697 HK Equity",-1.15978360462191,-0.201349979641238,"2"
20121231,"1918 HK Equity",0.119857095519729,0.691283748820478,"2"
20121231,"390 HK Equity",-0.898914122224602,2,"1"
20121231,"1029 HK Equity",-0.629805574876778,-0.367913842158198,"2"
20121231,"616 HK Equity",-0.766105098567937,-0.36962204672144,"2"
20121231,"2233 HK Equity",-0.108864352457588,-0.353825631718884,"2"
20121231,"151 HK Equity",0.164308278003635,-0.262737231911276,"2"
20121231,"2331 HK Equity",0.601387827846781,-0.322762745905652,"3"
20121231,"1728 HK Equity",-0.809965472997997,-0.235449632207015,"2"
20121231,"3883 HK Equity",-0.134651306477973,-0.0248468820743483,"2"
20121231,"539 HK Equity",-0.458813299709483,-0.294984124389975,"2"
20121231,"2018 HK Equity",0.519068595035551,-0.346510970818966,"3"
20121231,"1368 HK Equity",0.395292421803107,-0.341847933433103,"3"
20121231,"688 HK Equity",0.464758767727311,2,"1"
20121231,"460 HK Equity",1.7766408037595,-0.367237525337344,"3"
20121231,"751 HK Equity",-0.362277957497008,-0.237642657328847,"2"
20121231,"867 HK Equity",1.00888447919677,-0.36413997245981,"3"
20121231,"1128 HK Equity",2,-0.362179749219935,"3"
20121231,"1109 HK Equity",0.351462613639148,2,"1"
20121231,"2689 HK Equity",-0.563547368738154,-0.19607965508068,"2"
20121231,"2382 HK Equity",-0.371750397992025,-0.350086160539582,"2"
20121231,"3339 HK Equity",-0.203776020122577,-0.188477418908294,"2"
20121231,"880 HK Equity",2,-0.36678889467713,"3"
20121231,"83 HK Equity",0.858881366271933,0.598864641238232,"3"
20121231,"2128 HK Equity",-0.246012603196815,-0.316101612530583,"2"
20121231,"1929 HK Equity",-0.0564535320291087,0.858526616550745,"1"
20121231,"291 HK Equity",-0.220517542377971,0.325327343080602,"2"
20121231,"3900 HK Equity",0.123607548947403,2,"1"
20121231,"1207 HK Equity",-0.117010512041578,0.116139256902659,"2"
20121231,"853 HK Equity",2,-0.36913645856187,"3"
20121231,"1089 HK Equity",-0.471092898245922,-0.367383732526783,"2"
20121231,"2777 HK Equity",0.432225845701905,1.25975814674439,"1"
20121231,"2006 HK Equity",-0.586202757025674,-0.363279384452082,"2"
20121231,"1898 HK Equity",-0.374285857910194,-0.0669208443277034,"2"
20121231,"272 HK Equity",0.506259073823406,0.384534075555133,"3"
20121231,"81 HK Equity",1.06192409243487,0.142982427449148,"3"
20121231,"2314 HK Equity",-0.638659596844243,-0.240403636375823,"2"
20121231,"220 HK Equity",-0.0519539020378242,-0.316922813024594,"2"
20121231,"1238 HK Equity",0.514357995652212,-0.012434243249911,"3"
20121231,"59 HK Equity",0.672903825112603,-0.285909393632457,"3"
20121231,"69 HK Equity",0.987788752941522,-0.366448957791697,"3"
20121231,"960 HK Equity",0.387214855400297,1.69053833604333,"1"
20121231,"215 HK Equity",1.34156903952589,-0.357255441447737,"3"
20121231,"189 HK Equity",0.355541351093174,-0.342793709897296,"3"
20121231,"425 HK Equity",0.174030182039129,-0.348307106495291,"2"
20121231,"2268 HK Equity",-0.0356351814784498,-0.359791464086407,"2"
20121231,"1972 HK Equity",1.74458196151601,-0.0835357300719358,"3"
20121231,"1312 HK Equity",-0.584573468715977,-0.367235415983267,"2"
20121231,"297 HK Equity",-0.96069046058787,-0.0609071585745559,"2"
20121231,"142 HK Equity",0.0259933479259765,-0.339359019702148,"2"
20121231,"3933 HK Equity",-0.0766653854645652,-0.318026541561727,"2"
20121231,"639 HK Equity",1.54373993070294,-0.361742699327201,"3"
20121231,"497 HK Equity",0.821789683322837,-0.235540086273014,"3"
20121231,"200 HK Equity",1.60380056618167,-0.369485104145984,"3"
20121231,"2688 HK Equity",-0.179404020398264,-0.358372158311918,"2"
20121231,"496 HK Equity",-0.586878757034659,-0.217535177552064,"2"
20121231,"1777 HK Equity",0.473152842561153,0.0531719212433653,"3"
20121231,"1733 HK Equity",-0.449117933599632,-0.206834879279254,"2"
20121231,"6830 HK Equity",-0.211143795644021,-0.365162417244393,"2"
20121231,"1193 HK Equity",-0.043440560091274,-0.352574412512396,"2"
20121231,"6868 HK Equity",1.2004963346449,-0.353904215498215,"3"
20121231,"1124 HK Equity",0.0808659806168297,-0.00862785177852596,"2"
20121231,"683 HK Equity",-0.245094287002451,0.135361248449955,"2"
20121231,"207 HK Equity",-0.547343608467579,-0.36962204672144,"2"
20121231,"108 HK Equity",0.340103476393202,-0.369553806015065,"3"
20121231,"1212 HK Equity",1.07991741907045,-0.366646244437702,"3"
20121231,"976 HK Equity",-1.00267098466658,-0.236473372052282,"2"
20121231,"1399 HK Equity",-0.500926790778185,-0.355238195832305,"2"
20121231,"819 HK Equity",-0.0913157252131856,-0.32310305503004,"2"
20131231,"175 HK Equity",-0.00652416734689137,-0.281106141300607,"2"
20131231,"1093 HK Equity",0.137252921344422,-0.2874806300778,"2"
20131231,"981 HK Equity",0.00488103397693459,-0.330902215090974,"2"
20131231,"2238 HK Equity",-0.0822721078619806,-0.294965257311954,"2"
20131231,"3337 HK Equity",0.145417545414757,-0.324661652840198,"2"
20131231,"268 HK Equity",0.26033637581027,-0.340420416459829,"2"
20131231,"815 HK Equity",-0.0087246881041904,-0.335046758440762,"2"
20131231,"2600 HK Equity",-0.114103752702243,0.49440353094273,"2"
20131231,"1030 HK Equity",0.0160150325007945,0.458432876893717,"2"
20131231,"530 HK Equity",0.298969086744211,-0.332050204277703,"2"
20131231,"1208 HK Equity",0.0673312657706676,-0.33076286323675,"2"
20131231,"697 HK Equity",-0.159585910954182,-0.234248623640338,"2"
20131231,"1918 HK Equity",0.0354881407588679,1.17305397641497,"1"
20131231,"390 HK Equity",-0.0689870552038875,2,"1"
20131231,"1029 HK Equity",-0.104326007269706,-0.339147265038864,"2"
20131231,"616 HK Equity",-0.0266004697617289,-0.340548808055856,"2"
20131231,"2233 HK Equity",-0.00279866215501021,-0.32526309700878,"2"
20131231,"151 HK Equity",0.1142924331639,-0.246824934885452,"2"
20131231,"1800 HK Equity",-0.0494506318178787,0.529584785443003,"2"
20131231,"2331 HK Equity",0.104506366427141,-0.31055227760001,"2"
20131231,"1728 HK Equity",-0.0619185300012894,-0.233896623205195,"2"
20131231,"3883 HK Equity",0.0599968298524462,0.036138760561817,"2"
20131231,"539 HK Equity",-0.00725405965941958,-0.273313984878946,"2"
20131231,"2018 HK Equity",0.140786067345767,-0.309314975356899,"2"
20131231,"1368 HK Equity",0.120809316112044,-0.321541012896833,"2"
20131231,"688 HK Equity",0.10707293361194,2,"1"
20131231,"460 HK Equity",0.319396852045231,-0.337565008240878,"3"
20131231,"751 HK Equity",-0.000381169932084572,-0.15631208692815,"2"
20131231,"867 HK Equity",0.225048922395322,-0.337398788096559,"2"
20131231,"1128 HK Equity",0.449597607073322,-0.335094905289272,"3"
20131231,"1109 HK Equity",0.103336780717294,2,"1"
20131231,"2689 HK Equity",-0.0207863618504864,-0.217286351907037,"2"
20131231,"1366 HK Equity",-0.0225167150836148,-0.307821477078423,"2"
20131231,"1186 HK Equity",-0.0676454712008534,2,"1"
20131231,"2382 HK Equity",-0.00599699711576032,-0.316159852320071,"2"
20131231,"3339 HK Equity",-0.00160547709631061,-0.251456816166944,"2"
20131231,"880 HK Equity",0.459591762223378,-0.338467663790993,"3"
20131231,"83 HK Equity",0.133191356948769,0.520340735361066,"2"
20131231,"2128 HK Equity",0.0268746737519097,-0.282937874451848,"2"
20131231,"1929 HK Equity",0.050002994383359,0.55045494376055,"2"
20131231,"291 HK Equity",0.0254834607232823,0.21684384021871,"2"
20131231,"6823 HK Equity",0.215607642641052,-0.308874966658016,"2"
20131231,"3900 HK Equity",0.0610327636417676,1.50453677559287,"1"
20131231,"1207 HK Equity",0.0418154848321665,-0.158346487551131,"2"
20131231,"853 HK Equity",0.367101839099011,-0.337526451618291,"3"
20131231,"1089 HK Equity",-0.062136527042525,-0.338303423017112,"2"
20131231,"2777 HK Equity",0.121314301747761,1.21533470554279,"1"
20131231,"2006 HK Equity",-0.0259733792084412,-0.335321939209075,"2"
20131231,"1898 HK Equity",0.00100853551211647,-0.122088387128427,"2"
20131231,"272 HK Equity",0.132601306936013,0.423537763419955,"2"
20131231,"81 HK Equity",0.119959607487476,0.231060917936585,"2"
20131231,"2314 HK Equity",-0.0323088404209793,-0.238636510817961,"2"
20131231,"220 HK Equity",0.0857784400209546,-0.298634301602982,"2"
20131231,"467 HK Equity",0.117870601389901,-0.318307345290808,"2"
20131231,"1238 HK Equity",0.115257257267984,0.0978440029988751,"2"
20131231,"59 HK Equity",0.130542016462593,-0.263632586570324,"2"
20131231,"69 HK Equity",0.215496039975713,-0.33808731673569,"2"
20131231,"960 HK Equity",0.117455030722082,1.70997552904675,"1"
20131231,"215 HK Equity",0.220954299540848,-0.333992225027055,"2"
20131231,"189 HK Equity",0.0242906820873771,-0.311262410995717,"2"
20131231,"425 HK Equity",0.0773948937704698,-0.317809893095836,"2"
20131231,"2268 HK Equity",0.058221308139902,-0.335874779851722,"2"
20131231,"1972 HK Equity",0.307471419376802,-0.111655558736962,"2"
20131231,"2389 HK Equity",0.0815174168748023,-0.307165035899957,"2"
20131231,"1312 HK Equity",-0.0649019337158629,-0.338235508560067,"2"
20131231,"297 HK Equity",-0.0796977504052698,-0.165188004118712,"2"
20131231,"3669 HK Equity",-0.0660133204685446,-0.253186775492065,"2"
20131231,"142 HK Equity",0.0656756654369181,-0.313908204276643,"2"
20131231,"3933 HK Equity",0.0603589765742469,-0.292959488602044,"2"
20131231,"639 HK Equity",0.25167986147749,-0.335222579249345,"2"
20131231,"1044 HK Equity",0.145000909545825,-0.24003597242973,"2"
20131231,"497 HK Equity",0.251750594438957,-0.224335004861159,"2"
20131231,"200 HK Equity",0.249445754170241,-0.340464714170044,"2"
20131231,"2688 HK Equity",0.041499875617066,-0.330404045260049,"2"
20131231,"622 HK Equity",-0.351961615358603,-0.339485760870156,"2"
20131231,"496 HK Equity",0.00545859293695426,-0.189388873995074,"2"
20131231,"1293 HK Equity",-0.062602305820921,-0.269612125052958,"2"
20131231,"1777 HK Equity",0.119525438453026,0.0304242254648839,"2"
20131231,"1733 HK Equity",-0.132275657862347,-0.260817463824212,"2"
20131231,"6830 HK Equity",0.00719634352450036,-0.33499994900471,"2"
20131231,"1193 HK Equity",0.0636312702583854,-0.316170747338636,"2"
20131231,"6868 HK Equity",0.255623443087995,-0.326475412472787,"2"
20131231,"1124 HK Equity",0.0242793421159065,-0.07171712812141,"2"
20131231,"683 HK Equity",0.0333557131392763,0.00316531307218332,"2"
20131231,"207 HK Equity",-0.0187465967323396,-0.340548808055856,"2"
20131231,"108 HK Equity",0.172586611944039,-0.340486074506337,"2"
20131231,"1212 HK Equity",0.226925415327351,-0.337979899681392,"2"
20131231,"976 HK Equity",-0.100854688452287,-0.243256977284118,"2"
20131231,"3983 HK Equity",0.0639995345767219,-0.286001625435997,"2"
20131231,"1399 HK Equity",-0.0200105299754089,-0.325542877171158,"2"
20131231,"819 HK Equity",-0.00508005369544861,-0.276814710919085,"2"
20141231,"175 HK Equity",-0.445850317108429,-0.282270898830257,"2"
20141231,"1093 HK Equity",0.0289855577881069,-0.291777839622578,"2"
20141231,"535 HK Equity",2,-0.253120240454908,"3"
20141231,"981 HK Equity",-0.399770435604123,-0.32469271613711,"2"
20141231,"2007 HK Equity",-0.0221814431989199,2,"1"
20141231,"2238 HK Equity",-0.840851561188952,-0.275112930178879,"2"
20141231,"6828 HK Equity",-0.756799974728429,-0.332312739614204,"2"
20141231,"3337 HK Equity",0.562506291686007,-0.317484094265108,"3"
20141231,"494 HK Equity",-0.636893844027417,-0.301625811721614,"2"
20141231,"268 HK Equity",1.85132576707393,-0.332690570712338,"3"
20141231,"815 HK Equity",-0.668071668241787,-0.329334199925612,"2"
20141231,"2600 HK Equity",-1.21430453566281,0.333960545376158,"2"
20141231,"1030 HK Equity",-0.343342710964529,0.481076308884413,"2"
20141231,"530 HK Equity",1.83187683374312,-0.319419625215602,"3"
20141231,"1208 HK Equity",-0.152643436825454,-0.324359872351253,"2"
20141231,"697 HK Equity",-1.5137651414963,-0.244405491698072,"2"
20141231,"1918 HK Equity",-0.313121861623227,1.31332303015784,"1"
20141231,"390 HK Equity",-0.971157781787554,2,"1"
20141231,"1029 HK Equity",-1.15996223839312,-0.331237435198527,"2"
20141231,"616 HK Equity",-0.482189981935777,-0.332802075788612,"2"
20141231,"884 HK Equity",-0.209329140206177,0.148678373354772,"2"
20141231,"2233 HK Equity",-0.553454101317636,-0.317762941944417,"2"
20141231,"151 HK Equity",0.447497692963604,-0.241237231618132,"3"
20141231,"1250 HK Equity",0.344726762678135,-0.332386311434093,"3"
20141231,"1800 HK Equity",-0.856116206136334,0.5978233702424,"2"
20141231,"2331 HK Equity",0.572129722540358,-0.306105222201843,"3"
20141231,"1728 HK Equity",-0.920825152518417,-0.261176438758137,"2"
20141231,"3883 HK Equity",-0.00418064382805946,0.217845969366972,"2"
20141231,"539 HK Equity",-0.604477390083637,-0.25651512429042,"2"
20141231,"2018 HK Equity",0.496515071614178,-0.309244390392079,"3"
20141231,"1368 HK Equity",0.393130206623493,-0.317594806114213,"3"
20141231,"688 HK Equity",0.0719800309488531,2,"1"
20141231,"460 HK Equity",1.97226788100505,-0.329932774812954,"3"
20141231,"1668 HK Equity",0.741678831900216,0.0483634094081449,"3"
20141231,"751 HK Equity",-0.477505015481598,-0.195573775618925,"2"
20141231,"604 HK Equity",0.251274158729621,0.713055027753839,"2"
20141231,"867 HK Equity",0.988054271789512,-0.328103853242635,"3"
20141231,"1128 HK Equity",2,-0.327219654600887,"3"
20141231,"1109 HK Equity",-0.109442244737053,2,"1"
20141231,"2689 HK Equity",-0.598236552438862,-0.204657954801565,"2"
20141231,"1366 HK Equity",-0.63900894417682,-0.280612799081985,"2"
20141231,"1186 HK Equity",-0.969937008842661,2,"1"
20141231,"2382 HK Equity",-0.589338868862662,-0.311047395746331,"2"
20141231,"3339 HK Equity",-0.300297176970249,-0.266464402689056,"2"
20141231,"880 HK Equity",2,-0.331034312384279,"3"
20141231,"83 HK Equity",1.26645230273109,0.503494038734777,"3"
20141231,"2128 HK Equity",-0.241873460824081,-0.26384658305539,"2"
20141231,"2357 HK Equity",-0.473891620943755,0.0859199395467812,"2"
20141231,"1929 HK Equity",-0.144386865367331,0.87244144896967,"1"
20141231,"291 HK Equity",-0.21932934998395,0.22049355428355,"2"
20141231,"6823 HK Equity",1.03631085355316,-0.303962602301258,"3"
20141231,"3900 HK Equity",-0.0218481218274292,1.32198484420273,"1"
20141231,"1207 HK Equity",-0.0913994260479275,-0.155825003242773,"2"
20141231,"853 HK Equity",2,-0.332226020554012,"3"
20141231,"1089 HK Equity",-1.04347771978561,-0.329807954852064,"2"
20141231,"2777 HK Equity",0.351807394743699,1.57666272170638,"1"
20141231,"2006 HK Equity",-0.549843385516015,-0.327799192036183,"2"
20141231,"1898 HK Equity",-0.70560751721363,-0.139977248268613,"2"
20141231,"3380 HK Equity",0.258881225528722,0.168229270015859,"2"
20141231,"1211 HK Equity",-0.736857350519952,-0.0999176048107996,"2"
20141231,"1316 HK Equity",-0.689960554374033,-0.327551960125452,"2"
20141231,"272 HK Equity",0.0544311757981907,0.354104322686698,"2"
20141231,"471 HK Equity",-0.92568934066252,-0.332802075788612,"2"
20141231,"1233 HK Equity",-0.277136722019268,0.0644120098130225,"2"
20141231,"81 HK Equity",0.0927306706500746,0.324586724958808,"2"
20141231,"606 HK Equity",-1.03326513472155,0.185753811215646,"2"
20141231,"2314 HK Equity",-0.57390673317514,-0.244337104184321,"2"
20141231,"1883 HK Equity",0.158802640361558,-0.329200541147701,"2"
20141231,"3311 HK Equity",-0.710105575732471,-0.323840535192146,"2"
20141231,"220 HK Equity",0.106270695680572,-0.289924974416518,"2"
20141231,"467 HK Equity",0.718275853704371,-0.324308029289876,"3"
20141231,"1238 HK Equity",-0.103001114217624,0.0890831311884093,"2"
20141231,"586 HK Equity",0.00756898884101113,-0.327563461919397,"2"
20141231,"59 HK Equity",-0.48279978635027,-0.263788365847122,"2"
20141231,"69 HK Equity",1.06710092788946,-0.330739061900305,"3"
20141231,"960 HK Equity",-0.124819610571656,1.85118246859428,"1"
20141231,"215 HK Equity",1.59622197928391,-0.327957724151738,"3"
20141231,"2362 HK Equity",-0.665383267338821,-0.330800197051372,"2"
20141231,"189 HK Equity",-0.609227607804774,-0.296836532713875,"2"
20141231,"425 HK Equity",0.0919104357908844,-0.306507360046787,"2"
20141231,"2268 HK Equity",0.0872395636103687,-0.328825939617324,"2"
20141231,"1972 HK Equity",1.74450410807007,-0.103446105893115,"3"
20141231,"2313 HK Equity",-0.105782280983989,-0.264105798362275,"2"
20141231,"2389 HK Equity",-0.263368953207908,-0.290815031958782,"2"
20141231,"1312 HK Equity",-0.864390697444791,-0.331273583693782,"2"
20141231,"297 HK Equity",-1.12850744067933,-0.208349350748863,"2"
20141231,"3669 HK Equity",-0.920347602535492,-0.235126405268287,"2"
20141231,"142 HK Equity",-0.0550027938465242,-0.313093213602804,"2"
20141231,"3933 HK Equity",0.153675152511288,-0.304677228119461,"2"
20141231,"639 HK Equity",0.837414213229932,-0.32654070880364,"3"
20141231,"1044 HK Equity",0.596366316788224,-0.235815373292503,"3"
20141231,"3360 HK Equity",1.35948564012739,-0.332024118242996,"3"
20141231,"1885 HK Equity",-0.0621856770409987,-0.330427946872959,"2"
20141231,"497 HK Equity",0.235172985879421,-0.220232177030072,"2"
20141231,"200 HK Equity",0.92129605564819,-0.33273564301324,"3"
20141231,"2688 HK Equity",-0.291513559269108,-0.320931997801184,"2"
20141231,"622 HK Equity",-2,-0.33209565033588,"2"
20141231,"496 HK Equity",-0.461959992396445,-0.192418034646773,"2"
20141231,"1293 HK Equity",-0.877775200878075,-0.247748689247891,"2"
20141231,"1777 HK Equity",0.315511702818003,0.0692360208389297,"2"
20141231,"1680 HK Equity",1.04658060247356,-0.331640734554682,"3"
20141231,"1733 HK Equity",-1.41908844734088,-0.294196446060404,"2"
20141231,"6830 HK Equity",-0.298717082677743,-0.32765244500999,"2"
20141231,"410 HK Equity",1.02810329401798,-0.0895433549565801,"3"
20141231,"1193 HK Equity",0.141687208894454,-0.310366353562995,"2"
20141231,"6868 HK Equity",1.26646591703849,-0.3207991039209,"3"
20141231,"1124 HK Equity",-0.5084135877838,-0.0999414866144831,"2"
20141231,"683 HK Equity",0.523105177281733,-0.0342384802384417,"3"
20141231,"207 HK Equity",1.19937531947695,-0.294971598981387,"3"
20141231,"1176 HK Equity",0.336307624192699,-0.160058700587334,"3"
20141231,"563 HK Equity",-0.635122117482963,0.642621356191911,"2"
20141231,"2236 HK Equity",-1.12011914387647,-0.325951341017362,"2"
20141231,"108 HK Equity",2,-0.332802075788612,"3"
20141231,"1212 HK Equity",1.20689170678809,-0.330526108735075,"3"
20141231,"976 HK Equity",-1.29562873663758,-0.259987419561931,"2"
20141231,"3983 HK Equity",-0.0306557819666842,-0.294109446037732,"2"
20141231,"1399 HK Equity",-0.634427007287719,-0.320790718376546,"2"
20141231,"1862 HK Equity",-0.364757821696708,0.0323227696044951,"2"
20141231,"819 HK Equity",-0.853148347065612,-0.280192841955289,"2"
20151231,"175 HK Equity",-0.501061580502014,-0.30930682402611,"2"
20151231,"1093 HK Equity",0.36378540788979,-0.313999239835455,"3"
20151231,"288 HK Equity",-0.654810815726121,-0.274378748782293,"2"
20151231,"535 HK Equity",0.387773277181413,-0.125249376033806,"3"
20151231,"989 HK Equity",0.581258646658175,-0.352338299712711,"3"
20151231,"3998 HK Equity",0.683290288142708,-0.301497879966427,"3"
20151231,"981 HK Equity",-0.228020553040297,-0.344476900905207,"2"
20151231,"2007 HK Equity",-0.161211165134703,2,"1"
20151231,"2238 HK Equity",-0.797135608324389,-0.281216826207942,"2"
20151231,"6828 HK Equity",-0.755004370301199,-0.352628408546283,"2"
20151231,"968 HK Equity",0.0761898693517987,-0.344931358876332,"2"
20151231,"3337 HK Equity",0.0583940791969114,-0.333855001501245,"2"
20151231,"494 HK Equity",-0.800337083336858,-0.337751635257583,"2"
20151231,"17 HK Equity",0.222047795556446,1.76943825068354,"1"
20151231,"123 HK Equity",-0.149609355603965,0.874569978561236,"1"
20151231,"268 HK Equity",2,-0.352898390524498,"3"
20151231,"815 HK Equity",-0.314094284088207,-0.349324245735143,"2"
20151231,"817 HK Equity",0.402520472171414,0.282460281985862,"3"
20151231,"2600 HK Equity",-1.27021822516523,0.252511021408963,"2"
20151231,"1030 HK Equity",-0.480751209495739,0.452745046991042,"2"
20151231,"530 HK Equity",1.90264874856038,-0.336934970802792,"3"
20151231,"1208 HK Equity",0.00576503930127542,-0.345311751233806,"2"
20151231,"570 HK Equity",1.37041869638183,-0.341734071801321,"3"
20151231,"697 HK Equity",-1.46076503361402,-0.288023550539579,"2"
20151231,"2098 HK Equity",0.836263849727304,-0.182776313540271,"3"
20151231,"1918 HK Equity",-0.540470953918263,0.979448101682673,"1"
20151231,"390 HK Equity",-0.933965739010196,2,"1"
20151231,"1029 HK Equity",-2,-0.351677400670591,"2"
20151231,"616 HK Equity",-0.450981279023298,-0.353004321890326,"2"
20151231,"884 HK Equity",-0.170221779356556,0.0577487313182107,"2"
20151231,"2233 HK Equity",-0.62340677396153,-0.338209600889828,"2"
20151231,"151 HK Equity",0.451082287585918,-0.241247036189486,"3"
20151231,"1141 HK Equity",-0.828615410693848,-0.353004321890326,"2"
20151231,"1250 HK Equity",0.329592132372858,-0.35225697421567,"3"
20151231,"1800 HK Equity",-0.82547130428333,0.892188393745444,"2"
20151231,"1051 HK Equity",-0.0695859148458386,-0.351717684809456,"2"
20151231,"371 HK Equity",0.404574100205559,-0.351445436342517,"3"
20151231,"2331 HK Equity",0.641552767881692,-0.318215554756995,"3"
20151231,"1728 HK Equity",-0.908137929550969,-0.235740053749538,"2"
20151231,"235 HK Equity",-0.971237477059011,-0.35298942782157,"2"
20151231,"3883 HK Equity",-0.00769394165351609,0.320111206156185,"2"
20151231,"539 HK Equity",-0.484175662888264,-0.282762733409607,"2"
20151231,"2018 HK Equity",0.502184422707258,-0.318812963409769,"3"
20151231,"2186 HK Equity",2,-0.346226495289917,"3"
20151231,"1368 HK Equity",0.473116994510509,-0.337651990699763,"3"
20151231,"688 HK Equity",0.124842208284144,2,"1"
20151231,"460 HK Equity",1.67162313794901,-0.348223622621673,"3"
20151231,"1668 HK Equity",1.00470094237433,0.266771768458944,"3"
20151231,"178 HK Equity",0.653304864558566,-0.315694274925858,"3"
20151231,"751 HK Equity",-0.424878161134415,-0.213453373326582,"2"
20151231,"1818 HK Equity",0.386592018785372,-0.267409835596863,"3"
20151231,"1813 HK Equity",0.246924288397124,0.412891379092303,"2"
20151231,"604 HK Equity",-0.0154183047495969,0.878719002026172,"1"
20151231,"552 HK Equity",-0.658143755927647,-0.28768363119503,"2"
20151231,"867 HK Equity",1.14059530335045,-0.347892418465908,"3"
20151231,"1128 HK Equity",2,-0.347986531711961,"3"
20151231,"308 HK Equity",0.699483355821902,-0.349273168792832,"3"
20151231,"1109 HK Equity",0.0339992729991546,2,"1"
20151231,"2689 HK Equity",-0.611611178813598,-0.257130634684336,"2"
20151231,"1366 HK Equity",-0.615236452375139,-0.294490193634616,"2"
20151231,"1186 HK Equity",-0.940943026171341,2,"1"
20151231,"6808 HK Equity",-0.300740417842094,-0.0518581237232839,"2"
20151231,"2382 HK Equity",-0.627658084570829,-0.328836725646725,"2"
20151231,"3339 HK Equity",-0.186287177468179,-0.304535946208593,"2"
20151231,"8 HK Equity",1.06655326462302,-0.331391732988633,"3"
20151231,"880 HK Equity",2,-0.351304455347496,"3"
20151231,"83 HK Equity",-0.149430224762379,0.392712699391629,"2"
20151231,"1966 HK Equity",0.219229652793686,0.0674408037232454,"2"
20151231,"2128 HK Equity",-0.180438030029306,-0.293373057531873,"2"
20151231,"3383 HK Equity",0.113711611643772,1.44551807701794,"1"
20151231,"2357 HK Equity",-0.465377724849098,0.0947208016427507,"2"
20151231,"1929 HK Equity",-0.00607658040654496,0.720814864219581,"2"
20151231,"270 HK Equity",1.61001432114742,-0.350455385500357,"3"
20151231,"1628 HK Equity",0.280650067056076,0.0871566383652356,"2"
20151231,"291 HK Equity",-0.202306444612747,0.245113534902734,"2"
20151231,"6823 HK Equity",1.22714360560271,-0.336248494539575,"3"
20151231,"581 HK Equity",-1.08192617375992,-0.231930221114919,"2"
20151231,"3900 HK Equity",-0.191920478402445,1.34245017685457,"1"
20151231,"1717 HK Equity",-0.0416398278617781,-0.339093504510091,"2"
20151231,"2100 HK Equity",1.68192701708608,-0.353004321890326,"3"
20151231,"1207 HK Equity",-0.368391750289526,-0.150269239411622,"2"
20151231,"242 HK Equity",0.828722073975522,-0.0826208783689614,"3"
20151231,"853 HK Equity",1.67238854675735,-0.350038972161381,"3"
20151231,"1089 HK Equity",-0.899813761282449,-0.349569188409362,"2"
20151231,"3808 HK Equity",-0.559676066765765,-0.175534639229738,"2"
20151231,"2777 HK Equity",0.24520175188455,2,"1"
20151231,"2006 HK Equity",-0.512663692384823,-0.348467863763668,"2"
20151231,"1898 HK Equity",-0.849068003529082,-0.120352681110112,"2"
20151231,"3380 HK Equity",0.0271321359846836,0.399131040374121,"2"
20151231,"1211 HK Equity",-0.693963900128619,-0.0837692866196904,"2"
20151231,"631 HK Equity",0.120737729183368,-0.310550397821229,"2"
20151231,"672 HK Equity",-0.19975144980048,-0.202942720744145,"2"
20151231,"813 HK Equity",0.116160738678756,2,"1"
20151231,"1316 HK Equity",-0.679519927498666,-0.34690506582461,"2"
20151231,"272 HK Equity",0.164806081988731,0.168611868680882,"2"
20151231,"471 HK Equity",0.273182398272588,-0.353004321890326,"2"
20151231,"1233 HK Equity",0.0332710906947416,0.161873192974976,"2"
20151231,"81 HK Equity",-0.248838025132848,0.564687518662385,"2"
20151231,"606 HK Equity",-1.08870939068633,0.157453216179515,"2"
20151231,"2314 HK Equity",-0.51253600032468,-0.265099878857209,"2"
20151231,"1302 HK Equity",2,-0.352171657104426,"3"
20151231,"1883 HK Equity",0.456632843971781,-0.347636763934268,"3"
20151231,"3311 HK Equity",-0.693829608228859,-0.346883911929854,"2"
20151231,"220 HK Equity",0.116219351292946,-0.322533377667834,"2"
20151231,"467 HK Equity",1.03622641677587,-0.344758485147127,"3"
20151231,"1238 HK Equity",-0.0437903660064989,0.182076943278775,"2"
20151231,"586 HK Equity",0.130038885577934,-0.349074149497278,"2"
20151231,"59 HK Equity",-0.358223462863332,-0.24632258640293,"2"
20151231,"69 HK Equity",1.16643010648558,-0.351117416063768,"3"
20151231,"960 HK Equity",-0.143008852888611,1.78186880808908,"1"
20151231,"215 HK Equity",0.988664617209371,-0.349172876666805,"3"
20151231,"2362 HK Equity",-1.15514224614945,-0.350359113693614,"2"
20151231,"189 HK Equity",-0.597390786239997,-0.309718434567552,"2"
20151231,"425 HK Equity",0.0599024769101345,-0.318952244538247,"2"
20151231,"2329 HK Equity",0.681372598291557,-0.0201286306908914,"3"
20151231,"2268 HK Equity",0.0639837281050619,-0.349916177040168,"2"
20151231,"1972 HK Equity",1.58090472846214,-0.13563726047704,"3"
20151231,"2313 HK Equity",-0.0357444720294975,-0.282656559205702,"2"
20151231,"2389 HK Equity",-0.542346653598313,-0.353004321890326,"2"
20151231,"826 HK Equity",-0.422827749105484,-0.300314368122489,"2"
20151231,"881 HK Equity",-0.912566056256689,-0.128531089813778,"2"
20151231,"1312 HK Equity",-0.876033125094838,-0.351856588189813,"2"
20151231,"297 HK Equity",-1.07288215625228,-0.192508184408014,"2"
20151231,"3669 HK Equity",-0.937704459523863,-0.236329610637805,"2"
20151231,"1778 HK Equity",2,-0.352981063398899,"3"
20151231,"144 HK Equity",0.554433780638054,-0.350090264959761,"3"
20151231,"142 HK Equity",-0.0773098942705508,-0.333652825310682,"2"
20151231,"3933 HK Equity",0.449516869473057,-0.322377274740995,"3"
20151231,"3322 HK Equity",-0.0705947508098242,-0.337985245488183,"2"
20151231,"1266 HK Equity",-0.86842538762708,-0.329714666243084,"2"
20151231,"639 HK Equity",0.443586930446579,-0.348126001714499,"3"
20151231,"1044 HK Equity",0.70486773622242,-0.273194080084734,"3"
20151231,"3360 HK Equity",1.27038389394577,-0.350880621956151,"3"
20151231,"299 HK Equity",-0.879772283305301,-0.353004321890326,"2"
20151231,"1448 HK Equity",2,-0.347183412225496,"3"
20151231,"1885 HK Equity",-0.152434994448817,-0.350781436092477,"2"
20151231,"2005 HK Equity",0.913876821693079,-0.345461312507566,"3"
20151231,"497 HK Equity",0.80148884190586,-0.203076281686796,"3"
20151231,"200 HK Equity",1.06958085215842,-0.352403270666388,"3"
20151231,"1361 HK Equity",0.478612425495905,-0.337623012022509,"3"
20151231,"506 HK Equity",-0.269778597773054,-0.236943424351819,"2"
20151231,"2688 HK Equity",-0.387031918076949,-0.339243497495989,"2"
20151231,"358 HK Equity",-1.16472248540023,0.0298762894355162,"2"
20151231,"1205 HK Equity",-1.06165607466528,-0.318567966771533,"2"
20151231,"622 HK Equity",-2,-0.353004321890326,"2"
20151231,"496 HK Equity",-0.784118246956304,-0.210581813059588,"2"
20151231,"1293 HK Equity",-0.897076539569346,-0.270526338538077,"2"
20151231,"1777 HK Equity",0.372229704572136,0.171593812345127,"3"
20151231,"1086 HK Equity",-0.209136373722915,-0.311579626539899,"2"
20151231,"400 HK Equity",-0.952823418098576,-0.339477161690607,"2"
20151231,"1680 HK Equity",0.929871093967267,-0.351535880035399,"3"
20151231,"3899 HK Equity",-0.478118696197609,-0.300243783187948,"2"
20151231,"1733 HK Equity",-1.23100421379268,-0.343962273054868,"2"
20151231,"6830 HK Equity",-0.250805289909831,-0.346312783753472,"2"
20151231,"173 HK Equity",1.25631730211754,0.255437112315372,"3"
20151231,"410 HK Equity",0.893849604049689,-0.245537760718306,"3"
20151231,"1222 HK Equity",0.720471874839235,-0.277642546508543,"3"
20151231,"152 HK Equity",0.843776102248439,-0.334825787189252,"3"
20151231,"1193 HK Equity",0.0232837832590628,-0.335747276747518,"2"
20151231,"1070 HK Equity",-0.579554546222625,-0.243597214658618,"2"
20151231,"6868 HK Equity",1.39980155132156,-0.341597461891697,"3"
20151231,"1124 HK Equity",-0.837819415182692,-0.0982170459713906,"2"
20151231,"659 HK Equity",-0.733101140677051,-0.341215882325844,"2"
20151231,"2280 HK Equity",2,-0.352990291245846,"3"
20151231,"683 HK Equity",0.541665131314879,-0.0396620399726264,"3"
20151231,"1052 HK Equity",1.4283158971271,-0.353004321890326,"3"
20151231,"207 HK Equity",1.28083088855898,-0.0866568741998031,"3"
20151231,"1176 HK Equity",0.537987261469548,-0.0943596440555805,"3"
20151231,"3836 HK Equity",-0.827409669133434,-0.312894486801782,"2"
20151231,"563 HK Equity",0.352010445783513,0.514476779774252,"3"
20151231,"2236 HK Equity",-0.799478830815386,-0.341316606164009,"2"
20151231,"108 HK Equity",2,-0.353004321890326,"3"
20151231,"1212 HK Equity",1.30717526653072,-0.35067256368771,"3"
20151231,"345 HK Equity",0.860166581606927,-0.337860615590384,"3"
20151231,"976 HK Equity",-1.30232531452062,-0.323113949547232,"2"
20151231,"3983 HK Equity",-0.21362543557388,-0.319883231763545,"2"
20151231,"1399 HK Equity",-0.616756557039419,-0.341564301003107,"2"
20151231,"1862 HK Equity",-0.498470531394846,0.148473414837934,"2"
20151231,"819 HK Equity",-0.900422653972943,-0.311161108604251,"2"
20161231,"175 HK Equity",-0.478020995413963,-0.301529984580434,"2"
20161231,"1093 HK Equity",0.700625638300737,-0.294421079506865,"3"
20161231,"288 HK Equity",-0.431793567650323,-0.268299538668681,"2"
20161231,"535 HK Equity",0.820122138965259,-0.0551617836635407,"3"
20161231,"989 HK Equity",0.523757624688146,-0.324685717076576,"3"
20161231,"3998 HK Equity",0.669218997382894,-0.291887452207447,"3"
20161231,"698 HK Equity",-0.190867980752198,-0.292430202427443,"2"
20161231,"981 HK Equity",0.0489350349658464,-0.321629857556991,"2"
20161231,"2007 HK Equity",-0.391067553440132,2,"1"
20161231,"2238 HK Equity",-0.752600575030418,-0.284737363220348,"2"
20161231,"6828 HK Equity",-1.19658953666732,-0.330868496163334,"2"
20161231,"968 HK Equity",0.282326354531382,-0.326140547743463,"2"
20161231,"3337 HK Equity",0.102855418736791,-0.310921568957569,"2"
20161231,"494 HK Equity",-0.762801664949859,-0.317348526123148,"2"
20161231,"17 HK Equity",0.0732378537004025,1.40830287925147,"1"
20161231,"123 HK Equity",-0.353904906016231,0.938139984062116,"1"
20161231,"268 HK Equity",2,-0.330813768270416,"3"
20161231,"815 HK Equity",-0.814908717980847,-0.325245133281805,"2"
20161231,"817 HK Equity",0.395793252079879,0.3987457788583,"3"
20161231,"2600 HK Equity",-1.1643003825397,0.152559587242479,"2"
20161231,"1030 HK Equity",-0.383388273216731,0.453583844726898,"2"
20161231,"530 HK Equity",1.12500703378991,-0.163770485229205,"3"
20161231,"1208 HK Equity",-0.640518745251636,-0.3241608069516,"2"
20161231,"570 HK Equity",1.26814022758958,-0.301297750456898,"3"
20161231,"697 HK Equity",-1.91594104444939,-0.294212045816677,"2"
20161231,"2098 HK Equity",-0.129057198707392,-0.145286235242072,"2"
20161231,"1918 HK Equity",-0.722302078120138,0.864040405850254,"2"
20161231,"390 HK Equity",-0.905543173368445,2,"1"
20161231,"1029 HK Equity",-2,-0.330422621981457,"2"
20161231,"616 HK Equity",0.24928834244552,-0.330910740154233,"2"
20161231,"884 HK Equity",-0.283073826774679,0.318073700112851,"2"
20161231,"2233 HK Equity",-0.68729286616138,-0.317117202533733,"2"
20161231,"151 HK Equity",0.618104220316546,-0.262235066022984,"3"
20161231,"1141 HK Equity",2,-0.330910740154233,"3"
20161231,"1250 HK Equity",0.651950921212405,-0.330317010042009,"3"
20161231,"1800 HK Equity",-0.726132293075468,0.912783022534649,"2"
20161231,"3333 HK Equity",-0.0541615751968446,2,"1"
20161231,"1051 HK Equity",0.199815740953181,-0.329837915307653,"2"
20161231,"371 HK Equity",0.315619949068575,-0.328536570358292,"3"
20161231,"2331 HK Equity",0.66702890360969,-0.307916111479142,"3"
20161231,"1728 HK Equity",-0.875940543245632,-0.254384300974571,"2"
20161231,"235 HK Equity",-0.65368482784243,-0.330910740154233,"2"
20161231,"3883 HK Equity",-0.0736628285879612,0.430879772281893,"2"
20161231,"539 HK Equity",-0.494099185100137,-0.264589830971019,"2"
20161231,"2018 HK Equity",0.516681262265812,-0.289741227440106,"3"
20161231,"2186 HK Equity",2,-0.324067141744326,"3"
20161231,"1368 HK Equity",0.54805154773121,-0.321364868166547,"3"
20161231,"2343 HK Equity",-1.26510700223906,-0.329693859225245,"2"
20161231,"688 HK Equity",0.0349390295954653,2,"1"
20161231,"460 HK Equity",1.74529067460922,-0.325327057391211,"3"
20161231,"1668 HK Equity",0.802855778550627,0.27241506249405,"3"
20161231,"178 HK Equity",0.56535586178994,-0.30449602551602,"3"
20161231,"751 HK Equity",-0.317089578181647,-0.180984108812827,"2"
20161231,"1818 HK Equity",0.363149415308285,-0.248503017322743,"3"
20161231,"1813 HK Equity",0.285862982276408,0.326325655192683,"2"
20161231,"604 HK Equity",0.222215110021441,0.614401494488823,"2"
20161231,"552 HK Equity",-0.652070756928672,-0.261806256280864,"2"
20161231,"867 HK Equity",1.20148589061216,-0.321681350657639,"3"
20161231,"1128 HK Equity",2,-0.326601877043961,"3"
20161231,"308 HK Equity",0.69119100352861,-0.281492555075392,"3"
20161231,"1109 HK Equity",0.0793994869558009,2,"1"
20161231,"2689 HK Equity",-0.4732571068424,-0.244517345902344,"2"
20161231,"1366 HK Equity",-0.562696122327859,-0.252579646309479,"2"
20161231,"2371 HK Equity",1.48617405500913,-0.330910740154233,"3"
20161231,"1186 HK Equity",-0.879997238272344,2,"1"
20161231,"6808 HK Equity",-0.258796677502698,-0.0278945694744468,"2"
20161231,"2382 HK Equity",-0.548980882002233,-0.309418253163462,"2"
20161231,"3339 HK Equity",-0.281981873828661,-0.300219079022809,"2"
20161231,"8 HK Equity",0.9535502602819,-0.31236459780834,"3"
20161231,"880 HK Equity",2,-0.329401170428404,"3"
20161231,"868 HK Equity",-0.0868471395938932,-0.301614089179444,"2"
20161231,"83 HK Equity",0.615047784417721,0.318244206732226,"3"
20161231,"1966 HK Equity",-0.0516150608314316,0.100853181996374,"2"
20161231,"2128 HK Equity",-0.152422608180514,-0.278038827272666,"2"
20161231,"3383 HK Equity",-0.180155575567178,1.14061548036376,"1"
20161231,"2357 HK Equity",-0.283378071009759,0.101743253060431,"2"
20161231,"1929 HK Equity",-0.0739035604652562,0.420914886868881,"2"
20161231,"270 HK Equity",1.60212828868041,-0.327482914651088,"3"
20161231,"1628 HK Equity",0.271618122023715,0.346411127353284,"2"
20161231,"95 HK Equity",0.98503232758219,-0.201414242099401,"3"
20161231,"291 HK Equity",0.0722508118986167,-0.175583352929656,"2"
20161231,"6823 HK Equity",1.10247457778231,-0.316581808470972,"3"
20161231,"322 HK Equity",0.105905924458593,-0.28026630312093,"2"
20161231,"581 HK Equity",-1.17907412006297,-0.239671962542374,"2"
20161231,"3900 HK Equity",-0.364704898237616,1.42296624053256,"1"
20161231,"1717 HK Equity",-0.0565548390839265,-0.317016540590587,"2"
20161231,"2100 HK Equity",1.35262807855893,-0.330520720052212,"3"
20161231,"1207 HK Equity",-2,-0.226404652781414,"2"
20161231,"101 HK Equity",1.86587305279131,-0.239138485393551,"3"
20161231,"242 HK Equity",1.46127034730795,-0.0667430588315512,"3"
20161231,"853 HK Equity",1.61056106259755,-0.328470508711719,"3"
20161231,"1089 HK Equity",-0.603274670985316,-0.326391256125072,"2"
20161231,"3808 HK Equity",-0.494625276823189,-0.178840112457939,"2"
20161231,"2777 HK Equity",0.11511822742934,2,"1"
20161231,"2006 HK Equity",-0.327986215420607,-0.326211713173395,"2"
20161231,"1898 HK Equity",-0.956289452718884,-0.167372869707789,"2"
20161231,"3380 HK Equity",0.0435818196116259,0.344761742717135,"2"
20161231,"1211 HK Equity",-0.600342528990044,0.0464948700861991,"2"
20161231,"631 HK Equity",-0.0337081109553422,-0.302641363358582,"2"
20161231,"672 HK Equity",-0.576012098427791,-0.110261270347673,"2"
20161231,"813 HK Equity",-0.0376399985018285,2,"1"
20161231,"1316 HK Equity",-0.560527904015884,-0.324825928165085,"2"
20161231,"272 HK Equity",-0.139590418154174,0.212103055508056,"2"
20161231,"471 HK Equity",-1.02681496747082,-0.330910740154233,"2"
20161231,"1233 HK Equity",-0.143560084276324,0.23321599353919,"2"
20161231,"81 HK Equity",-0.584705872972658,0.495170885258049,"2"
20161231,"606 HK Equity",-1.03002801435261,0.0554824888124184,"2"
20161231,"2314 HK Equity",-0.385960722416094,-0.256821585161905,"2"
20161231,"1302 HK Equity",2,-0.329990525618507,"3"
20161231,"1883 HK Equity",0.487334938295722,-0.326737546627892,"3"
20161231,"3311 HK Equity",-0.686113524675082,-0.318265098522392,"2"
20161231,"220 HK Equity",0.317706407013593,-0.298138292905012,"3"
20161231,"467 HK Equity",0.944524288482488,-0.325550497672058,"3"
20161231,"1238 HK Equity",0.151743468001439,0.198560274192013,"2"
20161231,"586 HK Equity",0.366951578422064,-0.325013450271026,"3"
20161231,"59 HK Equity",-0.779423829748839,-0.160226446818596,"2"
20161231,"69 HK Equity",1.13398272942755,-0.329374669093217,"3"
20161231,"960 HK Equity",-0.0822156917845079,1.6347909334519,"1"
20161231,"215 HK Equity",0.290713361044381,-0.316749538440509,"2"
20161231,"2362 HK Equity",-1.178326905959,-0.328443647955169,"2"
20161231,"189 HK Equity",-0.569605984445221,-0.292470625350101,"2"
20161231,"425 HK Equity",0.0998110612821318,-0.297271656113841,"2"
20161231,"2329 HK Equity",0.500413466648861,-0.0340898915520952,"3"
20161231,"2268 HK Equity",-0.00680910484908128,-0.328139769173217,"2"
20161231,"1972 HK Equity",1.51115155213899,-0.146719272178943,"3"
20161231,"2313 HK Equity",0.0459080391032929,-0.253447121750498,"2"
20161231,"2389 HK Equity",-0.515400742180218,-0.330910740154233,"2"
20161231,"826 HK Equity",-0.765143350949767,-0.285704086880484,"2"
20161231,"881 HK Equity",-0.914927592507322,-0.180210658000445,"2"
20161231,"1312 HK Equity",-1.0298649810416,-0.33003279357083,"2"
20161231,"297 HK Equity",-0.97903806252891,-0.179658395095034,"2"
20161231,"3669 HK Equity",-0.889620384052103,-0.233074711534868,"2"
20161231,"1778 HK Equity",1.08769890918178,-0.330860277394826,"3"
20161231,"144 HK Equity",0.627386814328971,-0.329065710489331,"3"
20161231,"142 HK Equity",-0.0457342641816083,-0.315791081471729,"2"
20161231,"3933 HK Equity",0.388046612678645,-0.3025268063293,"3"
20161231,"3322 HK Equity",0.0351850740117516,-0.314650948984516,"2"
20161231,"1266 HK Equity",-0.8876243781746,-0.315111367750894,"2"
20161231,"639 HK Equity",-0.209720953171548,-0.32690170634522,"2"
20161231,"1044 HK Equity",0.776690438679402,-0.236643334366726,"3"
20161231,"3360 HK Equity",1.28531428988051,-0.328160136383804,"3"
20161231,"299 HK Equity",-0.630365698200038,-0.330910740154233,"2"
20161231,"1448 HK Equity",2,-0.32277530948038,"3"
20161231,"1885 HK Equity",-0.17455083969009,-0.328878044614844,"2"
20161231,"2005 HK Equity",0.76088215553542,-0.324141206506588,"3"
20161231,"497 HK Equity",1.01638001644071,-0.118846792414065,"3"
20161231,"200 HK Equity",2,-0.330425952619424,"3"
20161231,"1361 HK Equity",0.490335826385677,-0.317685064326311,"3"
20161231,"506 HK Equity",-0.280607908635021,-0.23413977288,"2"
20161231,"102 HK Equity",-1.18154660271521,-0.330910332810021,"2"
20161231,"2688 HK Equity",-0.339063749468133,-0.321230324769555,"2"
20161231,"358 HK Equity",-1.16441171294509,-0.0105739341702608,"2"
20161231,"1205 HK Equity",-1.61637262024417,-0.315368977022678,"2"
20161231,"622 HK Equity",-2,-0.330910740154233,"2"
20161231,"496 HK Equity",-0.637101114205633,-0.210787112604222,"2"
20161231,"1293 HK Equity",-0.85913985196247,-0.27208673761227,"2"
20161231,"1777 HK Equity",0.0628955823757359,0.191487796257962,"2"
20161231,"1086 HK Equity",0.0051336774658145,-0.301084613588466,"2"
20161231,"413 HK Equity",-0.620927240035513,-0.297698552847736,"2"
20161231,"400 HK Equity",-0.906625777148867,-0.316314111439592,"2"
20161231,"1680 HK Equity",-0.00391671957500505,-0.33000530981725,"2"
20161231,"3989 HK Equity",-0.808075514540297,-0.330286201304161,"2"
20161231,"3899 HK Equity",-0.45902035000069,-0.285099156764639,"2"
20161231,"1733 HK Equity",-1.13345506052176,-0.326483028379833,"2"
20161231,"6830 HK Equity",-0.219546213330108,-0.324032972753389,"2"
20161231,"173 HK Equity",1.49253191697884,0.301633958647246,"3"
20161231,"410 HK Equity",1.89014874145584,-0.230175187512915,"3"
20161231,"1222 HK Equity",0.364921878430503,-0.267353062412011,"3"
20161231,"152 HK Equity",0.559795692543469,-0.297400041424809,"3"
20161231,"2014 HK Equity",1.25713283294295,-0.326321240843502,"3"
20161231,"1193 HK Equity",0.0896842451047825,-0.317240364254221,"2"
20161231,"1070 HK Equity",-0.530821664900194,-0.25224727739413,"2"
20161231,"6868 HK Equity",1.36281926582391,-0.319615756082797,"3"
20161231,"1124 HK Equity",-1.42284477298353,-0.0728542283873407,"2"
20161231,"659 HK Equity",-0.767101245621579,-0.321429204590577,"2"
20161231,"2280 HK Equity",2,-0.3147665868178,"3"
20161231,"683 HK Equity",0.351810113058044,0.51239926907899,"3"
20161231,"1052 HK Equity",1.52489795677589,-0.330910740154233,"3"
20161231,"207 HK Equity",1.04306826783806,0.032326120523846,"3"
20161231,"1176 HK Equity",-0.40849999629566,-0.214119308063306,"2"
20161231,"3836 HK Equity",-0.801300875112,-0.300395938294973,"2"
20161231,"563 HK Equity",0.126130970395376,0.44899595083159,"2"
20161231,"2236 HK Equity",-0.608460174612106,-0.32665564647991,"2"
20161231,"108 HK Equity",0.0269188664229578,-0.328726316300054,"2"
20161231,"1212 HK Equity",1.30736453159683,-0.329009449065264,"3"
20161231,"345 HK Equity",0.916806322458733,-0.318252782350343,"3"
20161231,"976 HK Equity",-1.31269767951724,-0.307529565783633,"2"
20161231,"3983 HK Equity",-0.554332931085466,-0.297215155075532,"2"
20161231,"1399 HK Equity",-0.588676614636898,-0.32075140778368,"2"
20161231,"1862 HK Equity",-1.12312244096273,0.188508217117691,"2"
20161231,"819 HK Equity",-0.670329267650552,-0.298460166716553,"2"
20171231,"136 HK Equity",0.496080944324294,-0.289765040577975,"3"
20171231,"175 HK Equity",-0.578917687331382,-0.234921944490068,"2"
20171231,"1093 HK Equity",0.857455963821204,-0.258834210762982,"3"
20171231,"288 HK Equity",-0.525449136694603,-0.24306439330151,"2"
20171231,"535 HK Equity",0.55932749361248,-0.0752038062228192,"3"
20171231,"989 HK Equity",-0.179958387463642,-0.233320764095087,"2"
20171231,"3998 HK Equity",0.655286650970829,-0.264091567749218,"3"
20171231,"698 HK Equity",-0.325178045404446,-0.258662635965886,"2"
20171231,"981 HK Equity",-0.102678542256688,-0.281498451768559,"2"
20171231,"2007 HK Equity",-0.458615206348104,2,"1"
20171231,"2238 HK Equity",-0.72093087926817,-0.245166860103077,"2"
20171231,"6828 HK Equity",-1.05702954419787,-0.289654632246924,"2"
20171231,"968 HK Equity",0.627729312299678,-0.284645599441452,"3"
20171231,"3337 HK Equity",0.0935400295516207,-0.275824086579945,"2"
20171231,"494 HK Equity",-0.875382823782101,-0.2848351394124,"2"
20171231,"17 HK Equity",0.0295941923303258,1.21077360431499,"1"
20171231,"123 HK Equity",-0.470256304484859,0.72832274800662,"2"
20171231,"268 HK Equity",2,-0.289697420622343,"3"
20171231,"815 HK Equity",-0.709840567213729,-0.266460969562293,"2"
20171231,"817 HK Equity",0.258456611236233,0.296795894853289,"2"
20171231,"2600 HK Equity",-1.06197006290211,0.030727249481255,"2"
20171231,"1030 HK Equity",-0.355562815474239,0.41746033094569,"2"
20171231,"1638 HK Equity",-0.812290260804295,1.08525635774512,"1"
20171231,"530 HK Equity",1.6743350465483,-0.0485104482967765,"3"
20171231,"1208 HK Equity",-0.337971633287973,-0.283620253902951,"2"
20171231,"570 HK Equity",1.16393516272024,-0.255897880305788,"3"
20171231,"697 HK Equity",-1.17439835878962,-0.2898093507157,"2"
20171231,"2098 HK Equity",-0.0754211011305876,-0.149486252065571,"2"
20171231,"1918 HK Equity",-0.781199337119336,2,"1"
20171231,"390 HK Equity",-1.03826352392701,1.73349000478305,"1"
20171231,"1029 HK Equity",-2,-0.289444646951822,"2"
20171231,"616 HK Equity",2,-0.2898093507157,"3"
20171231,"884 HK Equity",-0.26765534620796,0.212973324182102,"2"
20171231,"2233 HK Equity",-0.584488628668383,-0.280698595597592,"2"
20171231,"151 HK Equity",0.544571131024736,-0.238497438479187,"3"
20171231,"1141 HK Equity",1.79905377698824,-0.2898093507157,"3"
20171231,"1250 HK Equity",-0.141729106080918,-0.289279416466818,"2"
20171231,"1800 HK Equity",-0.792235852250352,0.525747826628612,"2"
20171231,"3333 HK Equity",-0.148990101216917,2,"1"
20171231,"1051 HK Equity",0.113023109470108,-0.2898093507157,"2"
20171231,"371 HK Equity",0.0808376344319241,-0.288182909066444,"2"
20171231,"451 HK Equity",1.68865590569104,-0.2898093507157,"3"
20171231,"2331 HK Equity",0.647488437198087,-0.272525317672145,"3"
20171231,"1728 HK Equity",-1.00248633154781,-0.235762512278484,"2"
20171231,"235 HK Equity",1.69477898357063,-0.289459184257613,"3"
20171231,"3883 HK Equity",-0.166352265466889,0.489208612875374,"2"
20171231,"539 HK Equity",-0.635452945176142,-0.236257031318581,"2"
20171231,"2018 HK Equity",0.441790613777399,-0.242850791583046,"3"
20171231,"2186 HK Equity",2,-0.281705160798932,"3"
20171231,"1368 HK Equity",0.514438946686349,-0.28158153999045,"3"
20171231,"2343 HK Equity",-1.60355597889854,-0.288690551068542,"2"
20171231,"688 HK Equity",-0.120220064595051,2,"1"
20171231,"460 HK Equity",1.63559898791628,-0.286216559427351,"3"
20171231,"1668 HK Equity",0.583933171722988,0.139595950946442,"3"
20171231,"178 HK Equity",0.447792698677714,-0.267935467721095,"3"
20171231,"751 HK Equity",-0.505287368965396,-0.151704945701123,"2"
20171231,"1818 HK Equity",0.415645967742916,-0.224810442673554,"3"
20171231,"1813 HK Equity",0.13798916535529,0.522445315975848,"2"
20171231,"604 HK Equity",0.318099742695342,0.478382992766506,"2"
20171231,"552 HK Equity",-0.803177141694013,-0.250040617191115,"2"
20171231,"867 HK Equity",1.22712389622419,-0.280696608355052,"3"
20171231,"1128 HK Equity",2,-0.283757695893786,"3"
20171231,"308 HK Equity",0.574675339785188,-0.252111413433637,"3"
20171231,"1109 HK Equity",0.0988106189420316,2,"1"
20171231,"2689 HK Equity",-0.488774331775813,-0.20603877060611,"2"
20171231,"1366 HK Equity",-0.728977948197206,-0.221611931047071,"2"
20171231,"2371 HK Equity",-0.65808157360642,-0.2898093507157,"2"
20171231,"1186 HK Equity",-0.979339538451408,2,"1"
20171231,"6808 HK Equity",-0.334760397825634,-0.0139406993195875,"2"
20171231,"2382 HK Equity",-0.577931845174242,-0.239172942733351,"2"
20171231,"3339 HK Equity",-0.319663074999009,-0.262814307888322,"2"
20171231,"3389 HK Equity",-0.445293770870795,-0.189419371725345,"2"
20171231,"8 HK Equity",0.979194049122627,-0.258478950304044,"3"
20171231,"880 HK Equity",2,-0.288582989328158,"3"
20171231,"868 HK Equity",0.209623281060115,-0.266168092979245,"2"
20171231,"83 HK Equity",0.512902778121954,0.155561358153859,"3"
20171231,"1966 HK Equity",-0.283407827283205,0.0569926162345885,"2"
20171231,"2128 HK Equity",-0.214789077564871,-0.240628409911789,"2"
20171231,"3383 HK Equity",-0.219828912712912,0.617569603520559,"2"
20171231,"2357 HK Equity",-0.548540559908754,0.0978446475868929,"2"
20171231,"1929 HK Equity",-0.100863674374559,0.234022412007012,"2"
20171231,"270 HK Equity",1.50544732192983,-0.287549820141097,"3"
20171231,"1628 HK Equity",0.209964027721484,0.23669355243068,"2"
20171231,"95 HK Equity",0.814132326576553,-0.190725061686729,"3"
20171231,"291 HK Equity",0.0974559833530844,-0.180421495564149,"2"
20171231,"6823 HK Equity",1.13509892805596,-0.277151868949391,"3"
20171231,"322 HK Equity",-0.00833564942456576,-0.245407355747739,"2"
20171231,"2020 HK Equity",0.742883024814281,-0.266625946499318,"3"
20171231,"581 HK Equity",-0.939352793943942,-0.204707694068849,"2"
20171231,"3900 HK Equity",-0.470676245775799,1.28771036168062,"1"
20171231,"1717 HK Equity",0.41995111470486,-0.275482245056825,"3"
20171231,"2100 HK Equity",1.05133921406646,-0.289573907232378,"3"
20171231,"1207 HK Equity",-0.603944184334256,-0.232560563259498,"2"
20171231,"101 HK Equity",1.61740915367512,-0.247701292562435,"3"
20171231,"242 HK Equity",1.7364153966986,-0.0665931201014534,"3"
20171231,"853 HK Equity",1.67794095875179,-0.288003591757574,"3"
20171231,"1089 HK Equity",1.13424718576969,-0.289775603398685,"3"
20171231,"3808 HK Equity",-0.608256374959518,-0.139927364803061,"2"
20171231,"2777 HK Equity",-0.141880096593142,1.64808319003619,"1"
20171231,"2006 HK Equity",-0.413121794282977,-0.286304266645417,"2"
20171231,"1898 HK Equity",-0.667000347727257,-0.157489450674498,"2"
20171231,"3380 HK Equity",0.0195736561981849,0.429842767602557,"2"
20171231,"1211 HK Equity",-0.549957968829096,0.0213183363697439,"2"
20171231,"631 HK Equity",-0.725077264308975,-0.273425520639858,"2"
20171231,"672 HK Equity",-0.83548065873823,-0.13384935663863,"2"
20171231,"813 HK Equity",-0.172156506837474,1.8647016679978,"1"
20171231,"1316 HK Equity",-0.627217102730304,-0.285123235871499,"2"
20171231,"272 HK Equity",0.0904358768442671,0.188256753394261,"2"
20171231,"471 HK Equity",-0.0509712576988087,-0.2898093507157,"2"
20171231,"1233 HK Equity",-0.231489364663774,0.295657043749868,"2"
20171231,"81 HK Equity",-0.629436880616868,0.58769105386398,"2"
20171231,"606 HK Equity",-1.07629835546515,0.030422968632457,"2"
20171231,"2314 HK Equity",-0.406320945745479,-0.237632024125676,"2"
20171231,"1302 HK Equity",2,-0.289086961197637,"3"
20171231,"1883 HK Equity",0.59668053194045,-0.288557119368961,"3"
20171231,"3311 HK Equity",-0.814996022894868,-0.280041892501878,"2"
20171231,"970 HK Equity",-0.861173398926304,-0.273274884074679,"2"
20171231,"220 HK Equity",0.12957802762786,-0.26806556944669,"2"
20171231,"467 HK Equity",0.927335620681018,-0.286089196873906,"3"
20171231,"1238 HK Equity",0.0848407428001733,0.0726092095620632,"2"
20171231,"586 HK Equity",0.340303725416423,-0.286872098822478,"3"
20171231,"59 HK Equity",-0.47670679537292,-0.141045179780491,"2"
20171231,"69 HK Equity",1.13041639666057,-0.288728523513841,"3"
20171231,"960 HK Equity",-0.106077670118724,1.50966365490273,"1"
20171231,"215 HK Equity",1.43498850789586,-0.287535658800111,"3"
20171231,"2866 HK Equity",-0.908957366092594,-0.274423170104395,"2"
20171231,"2362 HK Equity",-1.35561170467994,-0.28785673274353,"2"
20171231,"189 HK Equity",-0.479110677954282,-0.269790334843981,"2"
20171231,"425 HK Equity",0.135616538480574,-0.255602336162934,"2"
20171231,"2329 HK Equity",0.321470257762585,0.106281190391228,"2"
20171231,"2268 HK Equity",-0.0297824783298744,-0.288472670512537,"2"
20171231,"1972 HK Equity",1.31315956338067,-0.186902412677874,"3"
20171231,"2313 HK Equity",0.0448946897747586,-0.2235842245107,"2"
20171231,"2389 HK Equity",-0.134329507488968,-0.289666466186737,"2"
20171231,"826 HK Equity",-0.899532342074344,-0.255761709434056,"2"
20171231,"881 HK Equity",-0.981837897792559,-0.172906818461527,"2"
20171231,"1312 HK Equity",-0.730869267600195,-0.288365484736957,"2"
20171231,"297 HK Equity",-1.3131548006217,-0.209692718836063,"2"
20171231,"3669 HK Equity",-0.995381530876367,-0.212513797604558,"2"
20171231,"1778 HK Equity",0.53416146413542,-0.289764843644029,"3"
20171231,"144 HK Equity",0.464528523141094,-0.288430813097587,"3"
20171231,"142 HK Equity",-0.0844220573294125,-0.276382036253562,"2"
20171231,"3933 HK Equity",0.181947261408232,-0.272636776339652,"2"
20171231,"3322 HK Equity",-0.131462412197365,-0.275773993745458,"2"
20171231,"1266 HK Equity",-0.763508160226852,-0.271000440229481,"2"
20171231,"639 HK Equity",0.0899648615234572,-0.286253815749211,"2"
20171231,"1044 HK Equity",0.75978316069845,-0.232615418314848,"3"
20171231,"3360 HK Equity",1.20095296829024,-0.285404171096219,"3"
20171231,"299 HK Equity",-0.0776021656759594,-0.2898093507157,"2"
20171231,"1448 HK Equity",2,-0.283142116186498,"3"
20171231,"1885 HK Equity",-0.0708624556790189,-0.287111391469279,"2"
20171231,"2005 HK Equity",0.881818791994986,-0.284828210918137,"3"
20171231,"497 HK Equity",0.0304994045818533,-0.0794026169705595,"2"
20171231,"200 HK Equity",2,-0.285231101964345,"3"
20171231,"1361 HK Equity",0.462064872255151,-0.280131067772992,"3"
20171231,"506 HK Equity",-0.360645438196229,-0.218056915270075,"2"
20171231,"102 HK Equity",-1.31212775140815,-0.289729467146193,"2"
20171231,"2688 HK Equity",-0.436862403485672,-0.280589261451698,"2"
20171231,"358 HK Equity",-1.24100823841511,-0.0138800794705624,"2"
20171231,"1205 HK Equity",-1.53263528631064,-0.279466773768835,"2"
20171231,"622 HK Equity",-2,-0.2898093507157,"2"
20171231,"496 HK Equity",-0.624874618849762,-0.220648601798299,"2"
20171231,"1293 HK Equity",-1.03611905536107,-0.237254465946087,"2"
20171231,"1777 HK Equity",0.035902513105866,-0.015033163527313,"2"
20171231,"1086 HK Equity",0.103457308427229,-0.270118713246467,"2"
20171231,"413 HK Equity",-0.547626705238784,-0.261076133079655,"2"
20171231,"400 HK Equity",-1.02296432627313,-0.264837499825305,"2"
20171231,"512 HK Equity",0.675789251935006,-0.278418941954382,"3"
20171231,"1622 HK Equity",-0.478964414272769,-0.152127369014102,"2"
20171231,"486 HK Equity",-0.330905713084319,-0.255328007176929,"2"
20171231,"1680 HK Equity",-0.150513058737723,-0.289009315513874,"2"
20171231,"3989 HK Equity",-0.176355044782209,-0.289282427090033,"2"
20171231,"3899 HK Equity",-0.609894071505731,-0.249559597077823,"2"
20171231,"1733 HK Equity",-0.774609861324127,-0.279371744188615,"2"
20171231,"334 HK Equity",-1.13844640502867,-0.282466322154775,"2"
20171231,"6830 HK Equity",-0.174115073273665,-0.284517646086171,"2"
20171231,"173 HK Equity",0.682408178575041,0.134124660461753,"3"
20171231,"410 HK Equity",2,-0.214135817191584,"3"
20171231,"1222 HK Equity",0.285325548714439,-0.234245547999809,"2"
20171231,"152 HK Equity",0.382627134784024,-0.237541613541631,"3"
20171231,"2014 HK Equity",1.01236947394966,-0.286869109007124,"3"
20171231,"1193 HK Equity",0.109178653158023,-0.282407749503935,"2"
20171231,"1070 HK Equity",-0.617910253874439,-0.211944300440504,"2"
20171231,"6868 HK Equity",1.30736790638385,-0.281823500197058,"3"
20171231,"1124 HK Equity",-0.804512910829885,-0.182065356916034,"2"
20171231,"659 HK Equity",-0.876869367655385,-0.281144257116133,"2"
20171231,"2280 HK Equity",1.4256641254688,-0.283217309147486,"3"
20171231,"683 HK Equity",0.597001126289069,0.404327611762852,"3"
20171231,"1052 HK Equity",1.55404821868729,-0.2898093507157,"3"
20171231,"207 HK Equity",0.981003476930623,-0.00354384021612428,"3"
20171231,"1176 HK Equity",0.15826338867625,-0.197771787928803,"2"
20171231,"3836 HK Equity",-1.06759944423219,-0.273962684830688,"2"
20171231,"563 HK Equity",-0.262963736010449,0.16642573038742,"2"
20171231,"2236 HK Equity",-0.0386499266103167,-0.289446974352995,"2"
20171231,"108 HK Equity",-0.484009286510213,-0.287929547565999,"2"
20171231,"1212 HK Equity",1.10186615503003,-0.289191103448605,"3"
20171231,"345 HK Equity",0.951767313539903,-0.279381769916747,"3"
20171231,"976 HK Equity",-1.08488919542202,-0.257427000779823,"2"
20171231,"3983 HK Equity",-1.22923487893193,-0.266911285883181,"2"
20171231,"1399 HK Equity",-0.700464071873593,-0.282218675013222,"2"
20171231,"1862 HK Equity",-1.20581572528742,0.0280633956135684,"2"
20171231,"819 HK Equity",-0.775389431989527,-0.256066312538401,"2"
20181231,"136 HK Equity",1.76466879792391,-0.26700561901754,"3"
20181231,"175 HK Equity",-0.655705343219989,-0.188015810251389,"2"
20181231,"1093 HK Equity",1.31974002738886,-0.235379465255609,"3"
20181231,"288 HK Equity",-0.660026852234103,-0.229097200691139,"2"
20181231,"535 HK Equity",0.173134302411225,-0.0708879201405967,"2"
20181231,"989 HK Equity",-0.726802390020167,-0.229405149275931,"2"
20181231,"3998 HK Equity",0.643237687009924,-0.247985413377394,"3"
20181231,"698 HK Equity",-0.334745964428534,-0.231962657026481,"2"
20181231,"981 HK Equity",-0.439135690928569,-0.258899502060046,"2"
20181231,"2007 HK Equity",-0.341842054709049,2,"1"
20181231,"2238 HK Equity",-0.72401026848192,-0.223174331653888,"2"
20181231,"6828 HK Equity",-1.03276850215332,-0.266772782082881,"2"
20181231,"968 HK Equity",0.131034683779666,-0.262161776639913,"2"
20181231,"3337 HK Equity",0.224026485573518,-0.259233235436903,"2"
20181231,"494 HK Equity",-1.10875516627975,-0.265127670379953,"2"
20181231,"17 HK Equity",0.0418791317965986,0.786145542730802,"1"
20181231,"123 HK Equity",-0.353254380278647,0.455791140901122,"2"
20181231,"268 HK Equity",2,-0.266881796931125,"3"
20181231,"815 HK Equity",-1.05698755679078,-0.248221778343115,"2"
20181231,"817 HK Equity",-0.0337668153397948,0.30183621988783,"2"
20181231,"2600 HK Equity",-1.20348277749967,-0.000211805088818043,"2"
20181231,"1030 HK Equity",0.0123899173419224,0.734903003144359,"2"
20181231,"1638 HK Equity",-0.27700666989059,0.864003456832845,"1"
20181231,"530 HK Equity",1.61773815589201,-0.0825862153705408,"3"
20181231,"1208 HK Equity",0.325277339626321,-0.263182702267568,"3"
20181231,"570 HK Equity",1.0958401869486,-0.220482653800168,"3"
20181231,"697 HK Equity",-1.57688577187935,-0.26706615950593,"2"
20181231,"2098 HK Equity",-1.36947279925206,-0.173127099483148,"2"
20181231,"1918 HK Equity",-0.593013326600066,2,"1"
20181231,"390 HK Equity",-1.15018449436371,1.4117651265346,"1"
20181231,"1029 HK Equity",-1.01399458232217,-0.266690850447055,"2"
20181231,"616 HK Equity",2,-0.26706615950593,"3"
20181231,"884 HK Equity",-0.284932033585311,0.306490374855669,"2"
20181231,"2233 HK Equity",-0.389677786322416,-0.261345765351644,"2"
20181231,"151 HK Equity",0.484593407406989,-0.233366393697274,"3"
20181231,"1141 HK Equity",1.89654434788078,-0.26706615950593,"3"
20181231,"1250 HK Equity",-0.33038465204572,-0.263122129900991,"2"
20181231,"1800 HK Equity",-0.956324930688799,0.264577956043767,"2"
20181231,"3333 HK Equity",0.148265120311371,2,"1"
20181231,"1051 HK Equity",0.050621611095308,-0.26706615950593,"2"
20181231,"371 HK Equity",-0.120715514752774,-0.265290733614822,"2"
20181231,"1131 HK Equity",0.296308628985837,-0.265428785863694,"2"
20181231,"451 HK Equity",1.65007794069347,-0.26706615950593,"3"
20181231,"2331 HK Equity",0.676079321044168,-0.252605979915691,"3"
20181231,"1728 HK Equity",-1.07727384970693,-0.213500837715019,"2"
20181231,"235 HK Equity",1.78238081826568,-0.266979060419405,"3"
20181231,"3883 HK Equity",-0.301800970964864,0.745534521458214,"2"
20181231,"539 HK Equity",-0.746042369827967,-0.225604725363391,"2"
20181231,"2018 HK Equity",0.398252670675198,-0.222505041865536,"3"
20181231,"2186 HK Equity",2,-0.261553040455308,"3"
20181231,"1368 HK Equity",0.523520628558345,-0.257651287293786,"3"
20181231,"2343 HK Equity",-1.50848082463175,-0.26612481786518,"2"
20181231,"688 HK Equity",0.0166576710232425,2,"1"
20181231,"460 HK Equity",1.89309891616952,-0.264076251547033,"3"
20181231,"1668 HK Equity",0.493232919882752,0.23505675612366,"3"
20181231,"178 HK Equity",0.436278843596857,-0.249527477719559,"3"
20181231,"751 HK Equity",-0.786479240356871,-0.163599107315986,"2"
20181231,"1818 HK Equity",0.310887254125682,-0.220315367420312,"3"
20181231,"1813 HK Equity",0.0872062739958866,0.224089012515099,"2"
20181231,"604 HK Equity",0.0779298162051998,0.333675126369205,"2"
20181231,"552 HK Equity",-0.967070003744003,-0.237219082307872,"2"
20181231,"867 HK Equity",1.54040840039459,-0.261027835980096,"3"
20181231,"1128 HK Equity",2,-0.262716530014679,"3"
20181231,"308 HK Equity",0.317726884327124,-0.242082978066511,"3"
20181231,"1109 HK Equity",0.348405126270092,2,"1"
20181231,"2689 HK Equity",-0.532311097355912,-0.179310111628549,"2"
20181231,"1366 HK Equity",-1.02840499675539,-0.214573529657162,"2"
20181231,"2371 HK Equity",1.14593115314479,-0.26706615950593,"3"
20181231,"1186 HK Equity",-1.14380892396287,2,"1"
20181231,"6808 HK Equity",-0.428135569445532,-0.0808149732783486,"2"
20181231,"2382 HK Equity",-0.555217119555991,-0.232679739176118,"2"
20181231,"3339 HK Equity",-0.309029553422784,-0.234990756905264,"2"
20181231,"3389 HK Equity",-0.826036274472101,-0.248945942785588,"2"
20181231,"8 HK Equity",1.03391372120931,-0.255118069184592,"3"
20181231,"880 HK Equity",2,-0.265981519473466,"3"
20181231,"868 HK Equity",0.190170930390047,-0.244801975209077,"2"
20181231,"83 HK Equity",0.590214963680914,0.0877378202132691,"3"
20181231,"1966 HK Equity",0.0502971800571527,0.0569782866369451,"2"
20181231,"2128 HK Equity",-0.33194107307585,-0.224733170537788,"2"
20181231,"3383 HK Equity",0.340333161102599,0.479277663364669,"2"
20181231,"2357 HK Equity",-0.48963246547856,0.0374783212339515,"2"
20181231,"12 HK Equity",0.719024154067737,0.698250354029909,"3"
20181231,"1929 HK Equity",-0.269690815246207,0.191045394906976,"2"
20181231,"270 HK Equity",1.25206456145629,-0.183928815786136,"3"
20181231,"1628 HK Equity",0.12031825704456,0.0943813702541463,"2"
20181231,"95 HK Equity",1.55335759220858,-0.18375759479915,"3"
20181231,"291 HK Equity",0.0345622633999442,-0.19065608902062,"2"
20181231,"6823 HK Equity",1.1743449525358,-0.257242757035368,"3"
20181231,"322 HK Equity",-0.173380778061246,-0.235629422334778,"2"
20181231,"2020 HK Equity",0.787012230023018,-0.238799128724208,"3"
20181231,"581 HK Equity",-0.739964843172075,-0.223104584184811,"2"
20181231,"726 HK Equity",-1.38915266931273,-0.266035174399377,"2"
20181231,"3900 HK Equity",-0.662220882545998,1.43365874953185,"1"
20181231,"1717 HK Equity",0.482739098134868,-0.252857178350295,"3"
20181231,"2100 HK Equity",0.975620396861932,-0.266940016001308,"3"
20181231,"1207 HK Equity",-0.447525758760408,-0.237444666450053,"2"
20181231,"101 HK Equity",1.80995056665006,-0.245924203855,"3"
20181231,"242 HK Equity",1.1490520777985,0.0148912630759231,"3"
20181231,"853 HK Equity",1.86042434629627,-0.265673833195817,"3"
20181231,"1089 HK Equity",1.60813620664076,-0.267041838263121,"3"
20181231,"3808 HK Equity",-0.718368016354631,-0.0933397851976016,"2"
20181231,"2777 HK Equity",0.113057228740353,1.63117020429283,"1"
20181231,"2006 HK Equity",-0.417292693593543,-0.26432304322165,"2"
20181231,"1898 HK Equity",-0.65521171226084,-0.169392816316482,"2"
20181231,"3380 HK Equity",0.0653337950897224,0.237320820874376,"2"
20181231,"1211 HK Equity",-0.747733738269407,-0.00642723839697816,"2"
20181231,"631 HK Equity",-0.158263980853348,-0.250718981681703,"2"
20181231,"672 HK Equity",-0.482800029694633,-0.159976553876485,"2"
20181231,"813 HK Equity",-0.124350377647117,1.48455147631363,"1"
20181231,"1316 HK Equity",-0.751814537652637,-0.263901987797198,"2"
20181231,"272 HK Equity",0.460710825183134,0.0761627358940986,"3"
20181231,"471 HK Equity",0.278986443302847,-0.26706615950593,"2"
20181231,"1233 HK Equity",-0.245539569425199,0.361004448464094,"2"
20181231,"81 HK Equity",-0.623030054530459,0.446625067013232,"2"
20181231,"606 HK Equity",-1.23900739275289,0.0297446279567697,"2"
20181231,"2314 HK Equity",-0.189325160860396,-0.202088496616004,"2"
20181231,"1302 HK Equity",2,-0.266549309513193,"3"
20181231,"1883 HK Equity",0.735052554172424,-0.265705165783937,"3"
20181231,"3311 HK Equity",-0.85782798014666,-0.258824390409914,"2"
20181231,"970 HK Equity",-0.924764235917895,-0.253145427668717,"2"
20181231,"220 HK Equity",0.00472207751662563,-0.251860568594711,"2"
20181231,"467 HK Equity",1.2913800834068,-0.264321875954868,"3"
20181231,"1238 HK Equity",0.0239100523621868,0.00522722530952588,"2"
20181231,"586 HK Equity",0.0969796960517174,-0.265384862532754,"2"
20181231,"59 HK Equity",-0.547072216187629,-0.164835977298351,"2"
20181231,"69 HK Equity",1.12445168631554,-0.265961374284955,"3"
20181231,"960 HK Equity",0.0428369689177353,1.87073122515495,"1"
20181231,"215 HK Equity",1.19853678934415,-0.265426739867986,"3"
20181231,"2866 HK Equity",-0.579845428438928,-0.251909160992779,"2"
20181231,"2362 HK Equity",-0.570684893485021,-0.264809098355908,"2"
20181231,"189 HK Equity",-0.133986846438189,-0.230406480560073,"2"
20181231,"425 HK Equity",0.03850367208652,-0.239089620768695,"2"
20181231,"2329 HK Equity",0.657927614643381,0.0875001620733384,"3"
20181231,"2268 HK Equity",0.0367668911999813,-0.265528069116968,"2"
20181231,"1972 HK Equity",1.26064062949474,-0.23585160959947,"3"
20181231,"2638 HK Equity",1.00761166691207,-0.253806533474236,"3"
20181231,"2313 HK Equity",-0.0795930801775946,-0.208342292343692,"2"
20181231,"2389 HK Equity",0.163679516117754,-0.263169036065466,"2"
20181231,"826 HK Equity",-0.973181878655521,-0.242188110769053,"2"
20181231,"881 HK Equity",-1.10417098524752,-0.168572372037512,"2"
20181231,"1312 HK Equity",-0.382702105947346,-0.265758269864849,"2"
20181231,"297 HK Equity",-1.21433880052058,-0.195808614443037,"2"
20181231,"3669 HK Equity",-1.11153258634119,-0.186908362612922,"2"
20181231,"1778 HK Equity",0.570132016383385,-0.266970010823004,"3"
20181231,"144 HK Equity",0.316353339972638,-0.265767739152678,"3"
20181231,"142 HK Equity",-0.169059079479788,-0.255077411577571,"2"
20181231,"3933 HK Equity",0.172347819735367,-0.251680770164178,"2"
20181231,"3322 HK Equity",-0.25633040904115,-0.25653627209427,"2"
20181231,"1266 HK Equity",-0.800167834305223,-0.256611528013331,"2"
20181231,"639 HK Equity",1.01054407935129,-0.264495772474704,"3"
20181231,"1044 HK Equity",0.66849621878409,-0.222006173027388,"3"
20181231,"3360 HK Equity",1.14627001150881,-0.263480027413105,"3"
20181231,"299 HK Equity",-2,-0.236817988456931,"2"
20181231,"1448 HK Equity",2,-0.261474020428759,"3"
20181231,"1885 HK Equity",1.32680462350889,-0.265323259700439,"3"
20181231,"2005 HK Equity",1.23801924843591,-0.261850444292988,"3"
20181231,"3918 HK Equity",0.790845062810248,-0.267042617439929,"3"
20181231,"497 HK Equity",-0.546990427982362,-0.110243067278377,"2"
20181231,"200 HK Equity",2,-0.263472695928484,"3"
20181231,"1361 HK Equity",0.423014469610343,-0.256393524547555,"3"
20181231,"506 HK Equity",0.107872083622344,-0.246788046850625,"2"
20181231,"102 HK Equity",-1.50968119248123,-0.267020754139638,"2"
20181231,"2688 HK Equity",-0.757157316677954,-0.257308333820885,"2"
20181231,"358 HK Equity",-1.38962917420949,-0.00479591093436673,"2"
20181231,"1205 HK Equity",-0.939028200435988,-0.25863667030369,"2"
20181231,"622 HK Equity",-2,-0.26706615950593,"2"
20181231,"496 HK Equity",-0.592592555416717,-0.20528312218393,"2"
20181231,"1293 HK Equity",-1.17845825650833,-0.214379304333815,"2"
20181231,"1777 HK Equity",-0.163244910459947,0.0447903557802541,"2"
20181231,"1086 HK Equity",0.261906157579701,-0.242654860097654,"2"
20181231,"413 HK Equity",-0.881492212544698,-0.23854509737247,"2"
20181231,"400 HK Equity",-1.20289305283287,-0.260450734036826,"2"
20181231,"512 HK Equity",0.91217605866011,-0.257060020764844,"3"
20181231,"1622 HK Equity",-0.390589274708982,-0.17142181452183,"2"
20181231,"486 HK Equity",-0.24376006275359,-0.235405687457949,"2"
20181231,"1680 HK Equity",-0.291539674734848,-0.266542082951429,"2"
20181231,"3989 HK Equity",-0.287361411755283,-0.26654271248857,"2"
20181231,"3899 HK Equity",-0.778479461375629,-0.2270174460538,"2"
20181231,"1733 HK Equity",-1.16862539022294,-0.258916906138922,"2"
20181231,"334 HK Equity",-1.19977872589257,-0.263528340572106,"2"
20181231,"6830 HK Equity",-0.183466899630972,-0.262179705333073,"2"
20181231,"173 HK Equity",0.823027831963384,0.122468497682479,"3"
20181231,"410 HK Equity",1.97410823781282,-0.230069835573939,"3"
20181231,"1222 HK Equity",0.3568340631057,-0.223542322343499,"3"
20181231,"152 HK Equity",0.186323668352414,-0.167469659042959,"2"
20181231,"2014 HK Equity",0.634593613851782,-0.263016386424137,"3"
20181231,"1193 HK Equity",-0.149251673128702,-0.259261853146103,"2"
20181231,"1070 HK Equity",-0.845702169281725,-0.200720853407959,"2"
20181231,"6868 HK Equity",1.32693364670012,-0.259928860862318,"3"
20181231,"1124 HK Equity",-0.442356563761776,-0.243421177297858,"2"
20181231,"659 HK Equity",-1.07000568183465,-0.261008176059798,"2"
20181231,"2280 HK Equity",0.106935119116779,-0.263739318023042,"2"
20181231,"683 HK Equity",-0.269341308874833,0.0440500069871155,"2"
20181231,"1052 HK Equity",1.81945273563806,-0.26706615950593,"3"
20181231,"6 HK Equity",2,-0.26706615950593,"3"
20181231,"207 HK Equity",0.577432532431475,-0.073192760536547,"3"
20181231,"1176 HK Equity",0.182577675692065,-0.191253467305973,"2"
20181231,"3836 HK Equity",-1.13661631513215,-0.250391609253041,"2"
20181231,"563 HK Equity",0.666832080681289,0.0942131920300074,"3"
20181231,"2236 HK Equity",-0.583875351122414,-0.266744636526537,"2"
20181231,"108 HK Equity",-0.603029414102149,-0.264962036535093,"2"
20181231,"1212 HK Equity",1.14830933706566,-0.266573402424192,"3"
20181231,"345 HK Equity",0.956852729866338,-0.257763279328093,"3"
20181231,"976 HK Equity",-0.982366299575958,-0.236395896919267,"2"
20181231,"3983 HK Equity",-0.761041889321822,-0.25119091157636,"2"
20181231,"1399 HK Equity",-1.24897074786413,-0.259567034390545,"2"
20181231,"1862 HK Equity",-0.815117440332389,-0.0996891656478604,"2"
20181231,"819 HK Equity",-0.961148179236821,-0.239095024295822,"2"
