"Date","Ticker","PE_RATIO","INVENT_TURN_PCT_CHANGE","pred"
20130630,"152 HK Equity",1.07747949174116,-0.311546140550138,"1"
20130630,"3800 HK Equity",-0.188535317704003,0.0330323691118361,"2"
20130630,"3339 HK Equity",0.348680469954868,-0.151459052980543,"2"
20130630,"3333 HK Equity",-0.0544432279316074,-0.18829371818712,"2"
20130630,"196 HK Equity",-0.317720732216276,-0.0764044785667407,"2"
20130630,"449 HK Equity",-0.297692946022661,-0.0811890392283988,"2"
20130630,"992 HK Equity",-0.22600765365224,-0.132103885759739,"2"
20130630,"2005 HK Equity",0.417499367698262,-0.0910316431180753,"2"
20130630,"3303 HK Equity",-0.243726739204309,0.0240735873383199,"2"
20130630,"493 HK Equity",1.11618209556509,-0.168186550324447,"1"
20130630,"661 HK Equity",-0.295104799202565,-0.293160381454655,"2"
20130630,"3337 HK Equity",-0.295042064822112,-0.0593628891435461,"2"
20130630,"488 HK Equity",0.150833578951881,-0.0528658676588471,"2"
20130630,"119 HK Equity",-0.305190762800045,0.000947928200053452,"2"
20130630,"1898 HK Equity",-0.300198650512906,-0.121483765444536,"2"
20130630,"916 HK Equity",-0.230502898213866,-0.101874482847984,"2"
20130630,"716 HK Equity",-0.296650686994726,-0.000645648333225427,"2"
20130630,"639 HK Equity",-0.296353862001566,-0.137235303840687,"2"
20130630,"1918 HK Equity",0.0478896395382301,-0.0622120930510433,"2"
20130630,"2007 HK Equity",-0.0694250382909841,-0.0848903885417013,"2"
20130630,"1080 HK Equity",-0.325910794468442,-0.102127425446498,"2"
20130630,"1171 HK Equity",-0.283600079081121,-0.00214795856820967,"2"
20130630,"1101 HK Equity",-0.33563269760915,-0.198020742783582,"2"
20130630,"1638 HK Equity",-0.266477984453013,-0.107360027128705,"2"
20130630,"67 HK Equity",-0.296218948553146,0.000580501696380766,"2"
20130630,"182 HK Equity",0.531720260883381,-0.206097106988815,"2"
20130630,"230 HK Equity",-0.197108167781597,-0.169301222472242,"2"
20130630,"832 HK Equity",-0.247889821329009,-0.162817214039496,"2"
20130630,"175 HK Equity",0.146272969907668,-0.0546001395602911,"2"
20130630,"2198 HK Equity",-0.315151940284008,-0.210710094384867,"2"
20130630,"555 HK Equity",-0.344394288629442,0.0483458469802076,"2"
20130630,"1333 HK Equity",-0.250589447189541,-0.202225049664334,"2"
20130630,"151 HK Equity",-0.114711363678423,-0.123341505893309,"2"
20130630,"123 HK Equity",-0.284539076335689,-0.188473478232621,"2"
20130630,"688 HK Equity",-0.22362961010862,-0.0310342569747853,"2"
20130630,"1777 HK Equity",-0.293768052202478,-0.0363599406357033,"2"
20130630,"2342 HK Equity",-0.183611603296106,-0.0607371831326344,"2"
20130630,"2222 HK Equity",2,-0.149698316402617,"1"
20130630,"3883 HK Equity",-0.0721355066900073,-0.125466703330094,"2"
20130630,"698 HK Equity",-0.243429390256417,-0.0972627531032356,"2"
20130630,"82 HK Equity",0.284511400848557,-0.234585849753563,"2"
20130630,"1224 HK Equity",-0.25013820082662,-0.180888545169442,"2"
20130630,"3998 HK Equity",-0.0752331557961249,-0.161344571084987,"2"
20130630,"587 HK Equity",-0.320177275766116,-0.261302154788588,"2"
20130630,"17 HK Equity",-0.297158946163178,-0.0540168195608659,"2"
20130630,"2357 HK Equity",-0.0151379780445339,-0.107374281487423,"2"
20130630,"3323 HK Equity",-0.281108072187756,-0.102588890920315,"2"
20130630,"1623 HK Equity",-0.309956112503219,-0.101775706313191,"2"
20130630,"489 HK Equity",-0.27713203603909,-0.324109324254215,"2"
20130630,"410 HK Equity",-0.335873457337175,1.05610251134042,"3"
20130630,"3377 HK Equity",-0.297317000260649,0.109793525640754,"2"
20130630,"494 HK Equity",-0.33066098201905,-0.0833856295620857,"2"
20130630,"1115 HK Equity",-0.262282150057833,0.220309771564298,"2"
20130630,"604 HK Equity",-0.290151337808037,-0.102461290249079,"2"
20130630,"2689 HK Equity",-0.094081444488465,-0.0557440738122242,"2"
20130630,"272 HK Equity",-0.298523935861872,-0.287240972804124,"2"
20130630,"201 HK Equity",-0.317216394294919,-0.0337488050844637,"2"
20130630,"106 HK Equity",-0.168982527869881,0.0207206338783672,"2"
20130630,"3336 HK Equity",-0.310834155306431,-0.00479544381929902,"2"
20130630,"2233 HK Equity",-0.181497333304545,-0.0726292338701382,"2"
20130630,"3311 HK Equity",-0.214301668854238,-0.179047559185056,"2"
20130630,"606 HK Equity",-0.245153054232543,-0.0189120954843769,"2"
20130630,"3331 HK Equity",-0.0701998937503744,-0.105395850135331,"2"
20130630,"390 HK Equity",-0.212203171729133,-0.104803443409349,"2"
20130630,"817 HK Equity",-0.177389801258689,-0.00906147458680868,"2"
20130630,"527 HK Equity",-0.294813924237199,0.169359091755204,"2"
20130630,"1378 HK Equity",-0.296135091986628,-0.197995781719663,"2"
20130630,"1068 HK Equity",-0.292014160105107,-0.105074202981765,"2"
20130630,"3389 HK Equity",-0.328565110251438,-0.117710942761639,"2"
20130630,"330 HK Equity",-0.318163658016659,-0.158176033954161,"2"
20130630,"1800 HK Equity",-0.268724827837998,-0.0992973217287857,"2"
20130630,"1393 HK Equity",-0.336795509626715,-0.0999695112045555,"2"
20130630,"257 HK Equity",-0.0684319069479275,-0.0726840330826517,"2"
20130630,"297 HK Equity",-0.283025426940293,-0.0876151465469829,"2"
20130630,"893 HK Equity",-0.337124856135096,-0.197006098586498,"2"
20130630,"190 HK Equity",2,-0.312980648034173,"1"
20130630,"1060 HK Equity",0.255040214412885,1.22720341236602,"3"
20140630,"1387 HK Equity",0.188185732475183,-1.16339276642476,"2"
20140630,"1371 HK Equity",-0.119232527960804,0.547728097790545,"2"
20140630,"221 HK Equity",-0.2202749563399,-0.48095972818153,"2"
20140630,"326 HK Equity",0.140277323418491,-0.219298219327373,"2"
20140630,"493 HK Equity",-0.164609394249086,-0.36360149553404,"2"
20140630,"379 HK Equity",-0.249967343068459,-0.219298219327373,"2"
20140630,"3800 HK Equity",-0.14627701408902,0.957853197985773,"3"
20140630,"82 HK Equity",0.216603848493828,2,"3"
20140630,"1638 HK Equity",-0.222883385291753,-0.28960013654394,"2"
20140630,"1898 HK Equity",-0.183429532882571,-0.0288034515551194,"2"
20140630,"182 HK Equity",-0.0803441426197773,0.738515222657974,"2"
20140630,"555 HK Equity",-0.265895559554156,-0.0292868212619967,"2"
20140630,"348 HK Equity",1.30053022683213,-0.219298219327373,"1"
20140630,"680 HK Equity",-0.198193109326511,-0.23483955648349,"2"
20140630,"934 HK Equity",-0.138671411854048,-0.363206230824381,"2"
20140630,"8116 HK Equity",-0.26483822337567,-0.386979700763216,"2"
20140630,"268 HK Equity",1.01576031715152,-0.349350964328991,"1"
20140630,"3838 HK Equity",-0.218426045952747,-0.467646680156856,"2"
20140630,"2007 HK Equity",-0.0942248727670671,-0.216755813522761,"2"
20140630,"2006 HK Equity",-0.154576575155923,-0.134085182579455,"2"
20140630,"175 HK Equity",0.0544601498946312,-0.169470970193508,"2"
20140630,"433 HK Equity",-0.256568430136189,-0.908073228089697,"2"
20140630,"691 HK Equity",-0.209073929136521,-0.0742857089713122,"2"
20140630,"488 HK Equity",0.966163672850924,0.592793230668046,"1"
20140630,"76 HK Equity",-0.255530481981871,-0.219298219327373,"2"
20140630,"257 HK Equity",-0.115951650457601,0.140638865110264,"2"
20140630,"371 HK Equity",-0.0248371212505094,-0.15726092346778,"2"
20140630,"732 HK Equity",-0.252763837271815,0.0779213935194668,"2"
20140630,"1180 HK Equity",-0.236585289672684,0.861394366922206,"3"
20140630,"123 HK Equity",-0.226449981652236,0.36569716446511,"2"
20140630,"1918 HK Equity",0.00665106016352395,-0.282243137943097,"2"
20140630,"661 HK Equity",-0.228027978326833,0.154680415406884,"2"
20140630,"688 HK Equity",-0.190899098813179,-0.0921210126087657,"2"
20140630,"1262 HK Equity",-0.258564623618042,-0.219298219327373,"2"
20140630,"31 HK Equity",-0.244681922149717,-0.0236273462877928,"2"
20140630,"1060 HK Equity",0.165722253955145,-0.219298219327373,"2"
20140630,"1093 HK Equity",0.640175729287822,0.192451654634427,"1"
20140630,"1623 HK Equity",-0.237912174022761,-0.315865772746127,"2"
20140630,"3333 HK Equity",-0.0932192828042424,-0.166926320290087,"2"
20140630,"992 HK Equity",-0.195188778550192,-0.26907897746773,"2"
20140630,"346 HK Equity",-0.14952693985304,2,"3"
20140630,"1222 HK Equity",-0.259696167042052,0.387324609408758,"2"
20140630,"6808 HK Equity",-0.0560466052075428,-0.674865861803612,"2"
20140630,"377 HK Equity",1.29014543201366,-0.219298219327373,"1"
20140630,"494 HK Equity",-0.257697787332869,-0.137138879140102,"2"
20140630,"916 HK Equity",-0.146401174697381,-0.105576586181533,"2"
20140630,"390 HK Equity",-0.186754629013016,-0.250013936355377,"2"
20140630,"3323 HK Equity",-0.218862981245386,-0.120535717549107,"2"
20140630,"819 HK Equity",0.0484991253733149,-0.212714141954979,"2"
20140630,"978 HK Equity",-0.231994500258509,-1.28826364707423,"2"
20140630,"404 HK Equity",-0.245300180278084,-0.311321521543991,"2"
20140630,"1101 HK Equity",-0.25911750533476,-0.219298219327373,"2"
20140630,"1194 HK Equity",-0.249949373166693,0.135782804280567,"2"
20140630,"527 HK Equity",2,-0.520907823469071,"1"
20140630,"48 HK Equity",-0.259048168916211,1.00232719374791,"3"
20140630,"3337 HK Equity",-0.235750188095721,-0.29274827158669,"2"
20140630,"1171 HK Equity",0.113285748113352,-0.0558137910601834,"2"
20140630,"67 HK Equity",-0.229375216628081,-0.219298219327373,"2"
20140630,"633 HK Equity",-0.257835480377508,-0.401749481755783,"2"
20140630,"489 HK Equity",-0.221517299653049,2,"3"
20140630,"1115 HK Equity",-0.207326822739692,-0.133681964509158,"2"
20140630,"1628 HK Equity",-0.209858630313529,0.963283204409089,"3"
20140630,"585 HK Equity",0.422031120004012,-0.219298219327373,"2"
20140630,"658 HK Equity",0.497181264818638,-0.179092814956982,"2"
20140630,"1266 HK Equity",-0.241219689111421,-0.504108000230079,"2"
20140630,"1808 HK Equity",0.135756511279234,0.614459149245719,"2"
20140630,"342 HK Equity",-0.246569541981502,-0.237677880366257,"2"
20140630,"3300 HK Equity",-0.210039370040857,0.0422961020251189,"2"
20140630,"8 HK Equity",-0.12429502231755,-0.227202937126151,"2"
20140630,"152 HK Equity",-0.141704402591445,-0.335101486796637,"2"
20140630,"27 HK Equity",-0.0904896849717495,0.0102875032630685,"2"
20140630,"8198 HK Equity",-0.260692060595224,-0.219298219327373,"2"
20140630,"940 HK Equity",0.0972223353222547,-0.342360443247803,"2"
20140630,"1259 HK Equity",-0.263542151615034,0.303824249837727,"2"
20140630,"2369 HK Equity",-0.243380350111723,-0.245954309552603,"2"
20140630,"8137 HK Equity",-0.251962313592438,-1.30231882593682,"2"
20140630,"692 HK Equity",-0.202830389948982,-0.219298219327373,"2"
20140630,"8143 HK Equity",-0.225770184021945,-0.219298219327373,"2"
20140630,"2357 HK Equity",-0.0576002054823834,-0.219542788177212,"2"
20140630,"215 HK Equity",-0.203761453570996,-0.341489046840377,"2"
20140630,"698 HK Equity",-0.200003361026502,-0.22955817913978,"2"
20140630,"1800 HK Equity",-0.208237170299328,-0.21328909950685,"2"
20140630,"951 HK Equity",-0.201812160699752,0.10643024416986,"2"
20140630,"587 HK Equity",-0.214292307692715,-0.680416616988978,"2"
20140630,"460 HK Equity",-0.203707414165925,-0.0339735187120579,"2"
20140630,"897 HK Equity",-0.208720015548842,0.00248126820286438,"2"
20140630,"201 HK Equity",-0.248142958904634,-0.0668381417094152,"2"
20140630,"2342 HK Equity",-0.142499962771729,-0.172261425930625,"2"
20140630,"354 HK Equity",0.0394475476790398,1.67764750682335,"3"
20140630,"151 HK Equity",-0.120422119606489,-0.421163831908037,"2"
20141231,"433 HK Equity",-0.333627729817096,0.612630464227869,"2"
20141231,"1387 HK Equity",0.271420434028508,-0.360145440356333,"2"
20141231,"981 HK Equity",2,-0.148549885952435,"1"
20141231,"493 HK Equity",-0.248848281578741,-0.0623984603684583,"2"
20141231,"1174 HK Equity",-0.327507821802443,-0.0603771195415432,"2"
20141231,"555 HK Equity",-0.345335338195532,-0.201778292291069,"2"
20141231,"3800 HK Equity",-0.289194452579693,-0.145324145984049,"2"
20141231,"390 HK Equity",-0.244125007594943,-0.114500573841446,"2"
20141231,"1800 HK Equity",-0.268991233451673,-0.205031702502707,"2"
20141231,"1918 HK Equity",0.0195062112438589,-0.0833063263295576,"2"
20141231,"1051 HK Equity",-0.323742503779696,-0.400111994433938,"2"
20141231,"1060 HK Equity",0.240904754176521,-0.0964936308820775,"2"
20141231,"460 HK Equity",-0.271999460748208,-0.237904640967232,"2"
20141231,"585 HK Equity",0.554026454725151,-0.0964936308820775,"1"
20141231,"1371 HK Equity",-0.172758349931464,-0.0787712291799306,"2"
20141231,"934 HK Equity",-0.204276755365322,-0.132609526982254,"2"
20141231,"182 HK Equity",-0.171037034504201,-0.110428365432687,"2"
20141231,"688 HK Equity",-0.251579183266818,-0.0703377052496799,"2"
20141231,"587 HK Equity",-0.286942600517703,0.666003802921098,"3"
20141231,"175 HK Equity",0.157711066955201,-0.22581269236726,"2"
20141231,"992 HK Equity",-0.258197754922289,-0.162804099066334,"2"
20141231,"691 HK Equity",-0.252073023464393,-0.0759798540689929,"2"
20141231,"606 HK Equity",-0.0797049491167673,-0.112667522539709,"2"
20141231,"653 HK Equity",-0.331715948622505,-0.192937193785379,"2"
20141231,"380 HK Equity",1.07171626517279,0.0337403786598855,"1"
20141231,"817 HK Equity",-0.239075696430096,-0.115115803130953,"2"
20141231,"123 HK Equity",-0.270439857926771,-0.0919346256189151,"2"
20141231,"326 HK Equity",0.0595928675860781,-0.233680948296854,"2"
20141231,"3323 HK Equity",-0.286165019295542,-0.159073082601669,"2"
20141231,"1613 HK Equity",-0.30157409850619,-0.0524143639453231,"2"
20141231,"119 HK Equity",-0.286835538825257,0.133857099739255,"2"
20141231,"639 HK Equity",-0.0724699096764525,-0.278879042346536,"2"
20141231,"698 HK Equity",-0.261763180608047,-0.190069450289373,"2"
20141231,"346 HK Equity",-0.267655117659543,-0.0964936308820775,"2"
20141231,"2369 HK Equity",-0.326518014379261,-0.181158204614626,"2"
20141231,"1194 HK Equity",-0.323605283285123,-0.246490733434556,"2"
20141231,"1101 HK Equity",-0.336056407035498,-0.0964936308820775,"2"
20141231,"1046 HK Equity",2,-0.128586897105915,"1"
20141231,"151 HK Equity",-0.150367059812282,-0.111262235153956,"2"
20141231,"17 HK Equity",-0.253767893743929,-0.0059730312545837,"2"
20141231,"1093 HK Equity",0.828759207191302,-0.14083112596786,"1"
20141231,"1898 HK Equity",-0.0355090061394677,-0.203659333180718,"2"
20141231,"2007 HK Equity",-0.132216986495249,-0.0876732123091227,"2"
20141231,"494 HK Equity",-0.332205766154968,-0.00908892960984496,"2"
20141231,"268 HK Equity",0.763606821718108,-0.302118465319278,"1"
20141231,"348 HK Equity",-0.0587935344885222,-0.0228624080533642,"2"
20141231,"27 HK Equity",-0.134383524386145,-0.09233745255696,"2"
20141231,"916 HK Equity",-0.174827213245198,-0.205436824949816,"2"
20141231,"3333 HK Equity",-0.134996370561856,-0.0385207211778719,"2"
20141231,"371 HK Equity",-0.0482944405303541,-0.234731975213183,"2"
20141231,"2357 HK Equity",-0.05296992448147,-0.143697302294976,"2"
20141231,"227 HK Equity",-0.119594230232759,0.0867672124002426,"2"
20141231,"633 HK Equity",-0.335059465969614,-0.0792809787024062,"2"
20141231,"6808 HK Equity",-0.0696705566514368,0.289592059859433,"2"
20160630,"1468 HK Equity",-0.171421975651256,-0.146160071606704,"2"
20160630,"433 HK Equity",-0.247135571720033,-0.170939286773843,"2"
20160630,"911 HK Equity",-0.200789408990256,-0.132037093550452,"2"
20160630,"1237 HK Equity",-0.24572055796164,-0.140372680198162,"2"
20160630,"981 HK Equity",2,-0.125974024970482,"1"
20160630,"3333 HK Equity",-0.128763392083715,-0.141250396999541,"2"
20160630,"76 HK Equity",-0.245989542382362,-0.109761703851093,"2"
20160630,"2098 HK Equity",-0.229712889085987,-0.147134598596684,"2"
20160630,"235 HK Equity",-0.25121133797209,0.212242130176111,"2"
20160630,"370 HK Equity",-0.226693135037357,-0.123769845047694,"2"
20160630,"497 HK Equity",-0.244900592680614,0.00730620005137735,"2"
20160630,"547 HK Equity",0.105308130761654,2,"3"
20160630,"3800 HK Equity",-0.240155695983077,-0.146843706145252,"2"
20160630,"1387 HK Equity",0.0367186474381144,-0.177917779965961,"2"
20160630,"877 HK Equity",-0.0775603778223555,-0.107183212252531,"2"
20160630,"182 HK Equity",-0.212306900644092,-0.1268109079763,"2"
20160630,"1816 HK Equity",-0.1871743697639,-0.125382585395241,"2"
20160630,"509 HK Equity",-0.238910955775289,-0.130653017415931,"2"
20160630,"653 HK Equity",-0.200816782809551,-0.12814551923814,"2"
20160630,"692 HK Equity",-0.212412343405711,-0.138827214795327,"2"
20160630,"6863 HK Equity",-0.207505915176549,-0.125201746357028,"2"
20160630,"1678 HK Equity",-0.251292302423259,-0.158405435544044,"2"
20160630,"8116 HK Equity",-0.251919852420678,-0.113632857382686,"2"
20160630,"680 HK Equity",-0.194505706409117,-0.124708708476151,"2"
20160630,"175 HK Equity",0.000124264355129194,-0.108420515563862,"2"
20160630,"2010 HK Equity",-0.250436716555501,-0.114475091169147,"2"
20160630,"702 HK Equity",0.256708211108585,0.0835115954640734,"2"
20160630,"1222 HK Equity",-0.233819141551043,-0.169979896603665,"2"
20160630,"607 HK Equity",-0.242448786792671,-0.115959255878775,"2"
20160630,"1004 HK Equity",-0.228520536081744,-0.132037093550452,"2"
20160630,"2014 HK Equity",0.1842709021044,-0.131065247721166,"2"
20160630,"3380 HK Equity",-0.144619264805147,-0.130918923567315,"2"
20160630,"257 HK Equity",-0.185936992130592,-0.109256513922332,"2"
20160630,"198 HK Equity",0.140839376601534,-0.107881912805854,"2"
20160630,"992 HK Equity",-0.207125224941043,-0.1353372235061,"2"
20160630,"1335 HK Equity",-0.248032873288502,-0.142070477466574,"2"
20160630,"346 HK Equity",-0.216184970712038,-0.132037093550452,"2"
20160630,"996 HK Equity",-0.239116376972696,-0.139416452590223,"2"
20160630,"1080 HK Equity",-0.243523319422395,-0.118631642173689,"2"
20160630,"493 HK Equity",-0.205380858369074,-0.136513199510464,"2"
20160630,"379 HK Equity",0.0675849426745208,-0.135124708577197,"2"
20160630,"1366 HK Equity",-0.245895395291333,-0.130028107721539,"2"
20160630,"1363 HK Equity",-0.239214887932237,-0.156379589179103,"2"
20160630,"570 HK Equity",-0.152665007505573,-0.154920073912027,"2"
20160630,"6898 HK Equity",-0.238284993872494,-0.151562212561624,"2"
20160630,"1378 HK Equity",-0.214667228773307,-0.131704770887451,"2"
20160630,"1613 HK Equity",-0.197580808222449,-0.132037093550452,"2"
20160630,"1919 HK Equity",-0.22247264174712,-0.122725037144584,"2"
20160630,"1280 HK Equity",-0.223165327949684,-0.139743522742067,"2"
20160630,"2233 HK Equity",-0.172940208056338,-0.139013686426076,"2"
20160630,"604 HK Equity",-0.214610621267511,-0.126744522859822,"2"
20160630,"2211 HK Equity",-0.22414689000921,-0.135319753561947,"2"
20160630,"1800 HK Equity",-0.22380513054556,-0.132277278034133,"2"
20160630,"8156 HK Equity",-0.03324624525898,-0.135412003606874,"2"
20160630,"1051 HK Equity",-0.213767460202003,-0.16439917015925,"2"
20160630,"207 HK Equity",-0.181088017681484,-0.154162894923759,"2"
20160630,"2007 HK Equity",-0.132910274931245,-0.127463863548786,"2"
20160630,"916 HK Equity",-0.198727920632997,-0.140339773773636,"2"
20160630,"1103 HK Equity",-0.25218172369108,-0.103419521536735,"2"
20160630,"336 HK Equity",-0.222132172029292,-0.128237127741054,"2"
20160630,"1371 HK Equity",-0.166584657928582,-0.157641051089232,"2"
20160630,"8179 HK Equity",-0.253199633144822,-0.150354511293455,"2"
20160630,"371 HK Equity",-0.176955105647434,-0.127259803292101,"2"
20160630,"1063 HK Equity",-0.227719320616474,2,"3"
20160630,"925 HK Equity",-0.220434825001162,-0.161570126443482,"2"
20160630,"3323 HK Equity",-0.078628107324326,-0.136040537118302,"2"
20160630,"488 HK Equity",0.21670991004477,-0.0795326435425696,"2"
20160630,"1011 HK Equity",-0.217385099794407,-0.158375754112486,"2"
20160630,"17 HK Equity",-0.222015018678914,-0.116985198680958,"2"
20160630,"1194 HK Equity",-0.24243360929062,-0.139089720390985,"2"
20160630,"8100 HK Equity",-0.250409033418275,-0.182097577039899,"2"
20160630,"700 HK Equity",0.216782875222811,-0.134218332496191,"2"
20160630,"151 HK Equity",-0.138384890186283,-0.136760641220506,"2"
20160630,"1250 HK Equity",-0.00242759096822335,-0.155866194199879,"2"
20160630,"968 HK Equity",-0.125128812466521,-0.0904327507576593,"2"
20160630,"815 HK Equity",-0.219410867743737,-0.0507542313070079,"2"
20160630,"1060 HK Equity",0.0258222602707582,0.0766670073237379,"2"
20160630,"3813 HK Equity",-0.0846013112405944,-0.138139311170251,"2"
20160630,"494 HK Equity",-0.242104228859653,-0.127603687980116,"2"
20160630,"3998 HK Equity",0.255000935349765,-0.124554408726251,"2"
20160630,"358 HK Equity",-0.0434008173727883,-0.13218339460758,"2"
20160630,"688 HK Equity",-0.215630220288227,-0.136364807876726,"2"
20160630,"1132 HK Equity",0.82110733883369,-0.123713442520983,"1"
20160630,"2038 HK Equity",-0.230576314706468,-0.135993601879827,"2"
20160630,"1326 HK Equity",-0.228687371850882,-0.116273874996793,"2"
20160630,"1628 HK Equity",-0.21866726240808,-0.134485749056314,"2"
20160630,"327 HK Equity",-0.217007898888974,-0.102334376104317,"2"
20160630,"1898 HK Equity",1.03738761752935,-0.132544666474922,"1"
20160630,"929 HK Equity",-0.206886570262818,-0.138084786920933,"2"
20160630,"2369 HK Equity",-0.251300099025123,-0.11711099408605,"2"
20160630,"390 HK Equity",-0.210642779734948,-0.124384725084434,"2"
20160630,"217 HK Equity",-0.182606232102659,-0.182806586461887,"2"
20160630,"2229 HK Equity",-0.225453910356949,-0.12271088488983,"2"
20160630,"686 HK Equity",-0.240479569920686,-0.132037093550452,"2"
20160630,"698 HK Equity",-0.228140030065593,-0.127819535032954,"2"
20160630,"819 HK Equity",-0.208849467663704,-0.107221732144745,"2"
20160630,"539 HK Equity",-0.237688486321887,-0.135004770449552,"2"
20160630,"587 HK Equity",-0.228651176709891,-0.131855957545697,"2"
20160630,"527 HK Equity",2,-0.132037093550452,"1"
20171231,"702 HK Equity",0.152995923276042,-0.126807473649154,"2"
20171231,"1239 HK Equity",-0.090513028840931,-0.120668576631196,"2"
20171231,"136 HK Equity",0.862097027487124,-0.130829693911692,"1"
20171231,"981 HK Equity",-0.0638799072449902,-0.137366052544405,"2"
20171231,"149 HK Equity",-0.148518805791114,-0.138446575826185,"2"
20171231,"1063 HK Equity",-0.121838966024025,-0.0990065483282342,"2"
20171231,"607 HK Equity",-0.138706721924198,-0.0390423681594462,"2"
20171231,"572 HK Equity",-0.146599104787506,-0.125724898024054,"2"
20171231,"680 HK Equity",-0.140189411874123,-0.0684358187672265,"2"
20171231,"992 HK Equity",-0.0660658409358813,-0.13910172958853,"2"
20171231,"1222 HK Equity",-0.141095639560914,-0.105594968393325,"2"
20171231,"1060 HK Equity",0.016445279458721,-0.125724898024054,"2"
20171231,"3800 HK Equity",-0.139832391459903,-0.0987401317197052,"2"
20171231,"1250 HK Equity",-0.13563519390383,1.62630603031783,"3"
20171231,"535 HK Equity",-0.119788659731028,-0.0608732061375769,"2"
20171231,"932 HK Equity",0.550190197906242,-0.124421512253389,"1"
20171231,"658 HK Equity",-0.12665976603534,-0.118951708738985,"2"
20171231,"996 HK Equity",-0.133885933214461,-0.115260657672819,"2"
20171231,"493 HK Equity",-0.0141400493268171,-0.130360715155358,"2"
20171231,"707 HK Equity",-0.129967931237246,-0.141095310790269,"2"
20171231,"1004 HK Equity",-0.133978219529429,2,"3"
20171231,"386 HK Equity",-0.120480396885493,-0.125724898024054,"2"
20171231,"3300 HK Equity",-0.133766232166064,-0.151254831803611,"2"
20171231,"547 HK Equity",0.0634548387260826,-0.0888056723107745,"2"
20171231,"1335 HK Equity",-0.0865120551235544,-0.156372810209665,"2"
20171231,"951 HK Equity",-0.130854506250756,-0.10853184395514,"2"
20171231,"970 HK Equity",-0.0972713997129441,-0.155099272083017,"2"
20171231,"2007 HK Equity",-0.100466537314673,-0.134227730213002,"2"
20171231,"539 HK Equity",-0.129744382007923,-0.122984005001274,"2"
20171231,"1816 HK Equity",-0.1218999646536,-0.125695438917508,"2"
20171231,"175 HK Equity",-0.103512765334023,-0.131573758127728,"2"
20171231,"3323 HK Equity",-0.0908941735095086,-0.122672450652741,"2"
20171231,"1076 HK Equity",-0.0812094134251305,-0.125724898024054,"2"
20171231,"1387 HK Equity",0.0228896242860526,-0.125724898024054,"2"
20171231,"2600 HK Equity",-0.0484735072240285,-0.102936411162492,"2"
20171231,"1338 HK Equity",-0.115589938352747,-0.120605212065719,"2"
20171231,"1103 HK Equity",-0.147783117346246,-0.161178169139201,"2"
20171231,"2389 HK Equity",-0.101623387543973,-0.204164174931242,"2"
20171231,"275 HK Equity",-0.143459337837758,0.0894499470023035,"2"
20171231,"819 HK Equity",-0.130635911786962,-0.11605590466122,"2"
20171231,"826 HK Equity",-0.0215908910042344,-0.120349069298377,"2"
20171231,"76 HK Equity",-0.144309744893108,-0.130563226975518,"2"
20171231,"288 HK Equity",-0.109354477977343,-0.131125233480307,"2"
20171231,"61 HK Equity",-0.147223334091596,0.00268655467083493,"2"
20171231,"6828 HK Equity",-0.0870410603865262,-0.0562392894566526,"2"
20171231,"8179 HK Equity",-0.148573939106842,-0.125724898024054,"2"
20171231,"521 HK Equity",2,-0.122839682078555,"1"
20171231,"1800 HK Equity",-0.132957872399289,-0.134206780812647,"2"
20171231,"990 HK Equity",0.433551984193825,-0.0456057368615551,"2"
20171231,"1628 HK Equity",-0.12992252848708,-0.101978329808097,"2"
20171231,"2211 HK Equity",-0.131391556352798,-0.13095801278129,"2"
20171231,"8167 HK Equity",-0.098749846862559,-0.187571204854892,"2"
20171231,"1638 HK Equity",-0.132007796498461,-0.154575186343964,"2"
20171231,"1668 HK Equity",-0.143600298672472,-0.153051591654993,"2"
20171231,"3333 HK Equity",-0.116948753538517,-0.115629170565591,"2"
20171231,"1055 HK Equity",-0.119612736845164,-0.125724898024054,"2"
20171231,"1678 HK Equity",-0.147445904953803,-0.20091544173123,"2"
20171231,"1363 HK Equity",-0.138735003554608,-0.136407025820056,"2"
20171231,"2186 HK Equity",-0.0826224979250151,-0.0979520354069621,"2"
20171231,"968 HK Equity",-0.103482075080409,-0.122784337076006,"2"
20171231,"358 HK Equity",-0.0747279179403556,-0.130229313652124,"2"
20171231,"880 HK Equity",-0.0839586271362009,-0.130947205454,"2"
20171231,"3883 HK Equity",-0.0779176170074294,-0.149390038958585,"2"
20171231,"1194 HK Equity",-0.142206693792395,-0.13010676266921,"2"
20171231,"1918 HK Equity",-0.0519284337443634,-0.140646202135046,"2"
20171231,"2233 HK Equity",-0.0899136931786349,-0.117707039154375,"2"
20171231,"700 HK Equity",-0.00626290742235735,-0.105433988672667,"2"
20171231,"215 HK Equity",-0.0647147615777848,-0.0855628284159201,"2"
20171231,"268 HK Equity",0.225197819483646,-0.155380474953721,"2"
20171231,"1171 HK Equity",-0.1263945231256,-0.117252356966007,"2"
20171231,"817 HK Equity",-0.106976963098154,-0.13960242436599,"2"
20171231,"297 HK Equity",-0.130454687123625,-0.0884617985838243,"2"
20171231,"570 HK Equity",-0.106743455107175,-0.134573611922932,"2"
20171231,"2238 HK Equity",-0.13162915812124,-0.124633800676791,"2"
20171231,"451 HK Equity",-0.125739167091863,-0.0836027489416731,"2"
20171231,"555 HK Equity",-0.148235932450428,-0.190503568019138,"2"
20171231,"494 HK Equity",-0.133587433236907,-0.120870465441541,"2"
20171231,"884 HK Equity",-0.124169899044525,-0.140247886320574,"2"
20171231,"274 HK Equity",-0.103485001859516,-0.153342691181806,"2"
20171231,"1128 HK Equity",-0.0140761789270275,-0.0983450826750983,"2"
20171231,"17 HK Equity",-0.105601967995776,-0.127232337013355,"2"
20171231,"272 HK Equity",-0.122304283357625,-0.124742029729088,"2"
20171231,"1093 HK Equity",-0.01180866967317,-0.150443015537492,"2"
20171231,"1237 HK Equity",-0.144150662039894,-0.129892073514551,"2"
20171231,"1046 HK Equity",0.507693454210298,-0.178801723586474,"2"
20171231,"1132 HK Equity",0.486793038176853,-0.117064823955162,"2"
20171231,"235 HK Equity",-0.147398020931872,-0.125724898024054,"2"
20171231,"686 HK Equity",-0.139310266877034,-0.125724898024054,"2"
20171231,"1813 HK Equity",-0.13081461497614,-0.0835781025527707,"2"
20171231,"182 HK Equity",-0.128870125238866,-0.124608732836445,"2"
20171231,"1966 HK Equity",-0.13386547008989,-0.0835137868744293,"2"
20171231,"732 HK Equity",-0.132850587297707,-0.130840794012709,"2"
20171231,"449 HK Equity",-0.125388440928989,-0.0986800747077383,"2"
20171231,"3380 HK Equity",-0.120745893017139,-0.0991996906094836,"2"
20171231,"1733 HK Equity",-0.14640875582577,-0.114138237400632,"2"
20171231,"3900 HK Equity",-0.129602458097744,-0.158297174123794,"2"
20171231,"850 HK Equity",-0.119706897188208,-0.178163088685394,"2"
20171231,"123 HK Equity",-0.113191389227431,-0.096395252270449,"2"
20171231,"1371 HK Equity",-0.0973480824140446,-0.139277070149315,"2"
20171231,"39 HK Equity",0.00457964638961529,-0.0758398446544858,"2"
20171231,"119 HK Equity",-0.0996874511079404,-0.096796512661693,"2"
20171231,"688 HK Equity",-0.127729968429585,-0.108527744874514,"2"
20171231,"1439 HK Equity",-0.129252177277386,-0.129650788069642,"2"
20171231,"308 HK Equity",-0.107923771132396,-0.100098971288755,"2"
20171231,"27 HK Equity",-0.0674258839942757,-0.103847857368311,"2"
20171231,"1919 HK Equity",-0.130401371903424,-0.130152867594061,"2"
20171231,"697 HK Equity",-0.107903205960856,-0.172424502463281,"2"
20171231,"59 HK Equity",-0.128850515902815,-0.0459721849769721,"2"
20171231,"8156 HK Equity",-0.0184890352111141,-0.187277291175072,"2"
20171231,"1115 HK Equity",-0.116676290960416,-0.128250641126286,"2"
20171231,"8237 HK Equity",-0.11781521653521,-0.158790424381459,"2"
20171231,"868 HK Equity",-0.117637604604532,-0.13654391152727,"2"
20171231,"3836 HK Equity",-0.134571498817763,-0.0975270055259139,"2"
20171231,"326 HK Equity",0.00871196046234886,-0.125724898024054,"2"
20171231,"489 HK Equity",-0.135443164726444,-0.129596742444531,"2"
20171231,"151 HK Equity",-0.0766264468366214,-0.109998006755592,"2"
20171231,"2357 HK Equity",-0.0958258363618462,-0.133202087120181,"2"
20171231,"354 HK Equity",-0.099433659085398,-0.163785239918113,"2"
20171231,"2382 HK Equity",0.0323469130207467,-0.101055428613822,"2"
20171231,"1333 HK Equity",-0.130634554981803,-0.131754868240222,"2"
20171231,"1728 HK Equity",-0.129383151550553,-0.133127230429219,"2"
20171231,"916 HK Equity",-0.122464797598951,-0.116211426707103,"2"
20171231,"1030 HK Equity",-0.0474939625543622,-0.144425563695199,"2"
20171231,"2689 HK Equity",-0.128223113050869,-0.125901204270181,"2"
20171231,"698 HK Equity",-0.136832439559519,-0.14023840677941,"2"
20171231,"3983 HK Equity",-0.00774747648824606,-0.1149962812002,"2"
20171231,"390 HK Equity",-0.126468521468623,-0.131654357573518,"2"
20171231,"2005 HK Equity",-0.049877038251657,-0.124959095563253,"2"
20171231,"860 HK Equity",-0.0493849125202092,-0.125724898024054,"2"
20171231,"2268 HK Equity",-0.146680333574886,-0.156185616749244,"2"
20171231,"371 HK Equity",-0.117557296161829,-0.1691317002544,"2"
20171231,"520 HK Equity",-0.0740060817223739,-0.118923722043632,"2"
20171231,"1898 HK Equity",-0.116964891408527,-0.111247174428178,"2"
20171231,"433 HK Equity",-0.144987529935137,-0.12628210932782,"2"
20171231,"1280 HK Equity",-0.130811040601672,-0.164116197297272,"2"
20171231,"3311 HK Equity",-0.13059075047197,-0.0787190139163585,"2"
20171231,"153 HK Equity",-0.145271627030867,-0.152527226373644,"2"
20171231,"257 HK Equity",-0.124085913253617,-0.134942953803143,"2"
20171231,"82 HK Equity",0.033598025098927,-0.0455688474368907,"2"
20171231,"295 HK Equity",-0.133321892900354,-0.173545144433042,"2"
20171231,"2331 HK Equity",0.376662161875521,-0.0963031667893998,"2"
20171231,"467 HK Equity",-0.0264103761761297,-0.13816531564441,"2"
20171231,"3389 HK Equity",0.0498056318801985,-0.163968078312868,"2"
20171231,"751 HK Equity",-0.0829981743588624,-0.127318315420701,"2"
20171231,"3339 HK Equity",-0.114637444480188,-0.0269244980543459,"2"
20171231,"1520 HK Equity",-0.124348385479135,-0.180490854999076,"2"
20171231,"2326 HK Equity",-0.13919560218696,-0.0761756578821803,"2"
20171231,"3377 HK Equity",-0.137434696608259,-0.11633504954027,"2"
20171231,"245 HK Equity",-0.0892430776476047,-0.125724898024054,"2"
20171231,"1109 HK Equity",-0.100885692045793,-0.140144876930036,"2"
20171231,"606 HK Equity",-0.130074298482116,-0.144836196723516,"2"
20171231,"604 HK Equity",-0.134503115850794,-0.129374442588073,"2"
20171231,"1293 HK Equity",-0.134292808867907,-0.1312768121214,"2"
20171231,"1176 HK Equity",0.158952874573491,-0.0890361114177751,"2"
20171231,"410 HK Equity",-0.141082267560914,-0.184464147440453,"2"
20171231,"445 HK Equity",-0.0372218659178385,-0.168757014373708,"2"
20171231,"3337 HK Equity",-0.136856213667097,-0.166851294087509,"2"
20171231,"207 HK Equity",-0.113494987902365,-0.0788459350241609,"2"
20171231,"2038 HK Equity",-0.13519404878943,-0.133789186938862,"2"
20171231,"460 HK Equity",-0.132622945637531,-0.139922450807969,"2"
20171231,"1818 HK Equity",0.00269580587530704,-0.13052324130071,"2"
20180630,"702 HK Equity",1.62694495166253,-0.0668841239766307,"1"
20180630,"1239 HK Equity",-0.0869030341618028,-0.125679394801416,"2"
20180630,"136 HK Equity",1.68024892989813,-0.100557001485866,"1"
20180630,"981 HK Equity",0.40500059497528,-0.103708395546871,"2"
20180630,"149 HK Equity",-0.495155310425111,0.137155373949844,"2"
20180630,"1063 HK Equity",-0.307379094193942,-0.0979055990024685,"2"
20180630,"607 HK Equity",-0.461778253787986,-0.0837665846296212,"2"
20180630,"572 HK Equity",-0.482573812220476,-0.0979055990024685,"2"
20180630,"680 HK Equity",-0.404258863137856,-0.128108569799956,"2"
20180630,"992 HK Equity",0.0851594850428789,-0.0954687310049566,"2"
20180630,"1222 HK Equity",-0.468291804157411,0.0181491403817697,"2"
20180630,"1060 HK Equity",0.665883586834707,-0.149992556679308,"1"
20180630,"3800 HK Equity",-0.433081723702064,-0.0969640198930614,"2"
20180630,"1250 HK Equity",-0.418375801014662,-0.165595807900678,"2"
20180630,"535 HK Equity",-0.32064648198777,-0.128505514622321,"2"
20180630,"932 HK Equity",2,-0.0979055990024685,"1"
20180630,"1029 HK Equity",-0.477019457089613,-0.0287761644392763,"2"
20180630,"1958 HK Equity",-0.164849988041233,-0.115698149444642,"2"
20180630,"658 HK Equity",-0.173973009741078,-0.0962880839228598,"2"
20180630,"996 HK Equity",-0.466602422713943,-0.134048121502522,"2"
20180630,"493 HK Equity",0.450620025971082,-0.106545009770496,"2"
20180630,"707 HK Equity",-0.364591818968115,-0.126520641204889,"2"
20180630,"1004 HK Equity",-0.392816754652738,-0.0979055990024685,"2"
20180630,"386 HK Equity",-0.290525425985909,-0.0979055990024685,"2"
20180630,"787 HK Equity",-0.37802168618629,-0.100694674832396,"2"
20180630,"3300 HK Equity",-0.271823220863525,-0.0530792480655131,"2"
20180630,"547 HK Equity",0.996743038877176,-0.11269775641868,"1"
20180630,"1335 HK Equity",-0.0587436556779757,0.251728877777886,"2"
20180630,"951 HK Equity",-0.362982516742361,-0.111216539840559,"2"
20180630,"970 HK Equity",-0.456810855497138,-0.104907987944217,"2"
20180630,"2007 HK Equity",-0.323704929886243,-0.0973964529958503,"2"
20180630,"539 HK Equity",-0.391393509594885,-0.107489878076669,"2"
20180630,"1816 HK Equity",-0.304797651741045,-0.09317430255533,"2"
20180630,"1027 HK Equity",0.396660085240698,-0.10671343737485,"2"
20180630,"175 HK Equity",-0.269453776993139,-0.112375868162683,"2"
20180630,"3323 HK Equity",-0.270531108046207,-0.0528191148457267,"2"
20180630,"1076 HK Equity",0.265516203426232,-0.144495270219918,"2"
20180630,"1387 HK Equity",0.711239732086297,-0.0979055990024685,"1"
20180630,"2600 HK Equity",0.0665515332409928,-0.0989420106795615,"2"
20180630,"1338 HK Equity",-0.207231661162805,-0.104094974309239,"2"
20180630,"1208 HK Equity",-0.235605916843761,-0.0964984980639557,"2"
20180630,"672 HK Equity",-0.45388618341752,-0.139322539537573,"2"
20180630,"1103 HK Equity",-0.489040513954523,-0.0643609991026872,"2"
20180630,"2389 HK Equity",-0.340775341398191,-0.187007035435639,"2"
20180630,"275 HK Equity",-0.459546110492955,-0.0979055990024685,"2"
20180630,"819 HK Equity",-0.399727586649948,-0.0984899602623388,"2"
20180630,"826 HK Equity",0.161235726843187,-0.0911290139480952,"2"
20180630,"76 HK Equity",-0.465531387035244,-0.13564896794293,"2"
20180630,"288 HK Equity",-0.226202761556557,-0.0925835743605001,"2"
20180630,"61 HK Equity",-0.458419066023281,-0.120397589369201,"2"
20180630,"3326 HK Equity",-0.0254201849748733,-0.0890839016141389,"2"
20180630,"6828 HK Equity",-0.062466864194758,-0.158207856146675,"2"
20180630,"8179 HK Equity",-0.495543345942043,-0.0788905609436062,"2"
20180630,"704 HK Equity",-0.417515540823547,-0.129630849174347,"2"
20180630,"521 HK Equity",-0.375131180062558,-0.13783777926159,"2"
20180630,"1800 HK Equity",-0.386255190600714,-0.0657929209849375,"2"
20180630,"990 HK Equity",0.379825377028699,2,"3"
20180630,"1628 HK Equity",-0.404401182125607,-0.0680990887558913,"2"
20180630,"2211 HK Equity",-0.374611479500696,-0.0950204270094744,"2"
20180630,"8167 HK Equity",0.005673454250931,0.00752016128850215,"2"
20180630,"1638 HK Equity",-0.384355232677859,-0.053591290344389,"2"
20180630,"3989 HK Equity",-0.158528030362606,-0.128489902238809,"2"
20180630,"8299 HK Equity",1.41220993967411,-0.0979055990024685,"1"
20180630,"631 HK Equity",0.513849650788941,-0.101022936660947,"2"
20180630,"1668 HK Equity",-0.460985833263223,-0.101463000309527,"2"
20180630,"3333 HK Equity",-0.29714819304793,-0.122505904776736,"2"
20180630,"1055 HK Equity",-0.3336955922847,-0.0979055990024685,"2"
20180630,"1678 HK Equity",-0.48760409342455,0.0798664857654813,"2"
20180630,"1363 HK Equity",-0.432764524531457,-0.0278341049563619,"2"
20180630,"2186 HK Equity",-0.0989440930140852,-0.0947683784036212,"2"
20180630,"968 HK Equity",-0.194747148044848,-0.0628123505098076,"2"
20180630,"358 HK Equity",-0.0945809943440774,-0.112466967720958,"2"
20180630,"880 HK Equity",0.0106637272995998,-0.0785672142690492,"2"
20180630,"69 HK Equity",-0.0145018760032395,-0.118507465400303,"2"
20180630,"3883 HK Equity",-0.179244328680415,-0.0842856464758411,"2"
20180630,"1194 HK Equity",-0.450729837187865,-0.101922262806426,"2"
20180630,"1918 HK Equity",-0.247380002653,-0.113888707013312,"2"
20180630,"2233 HK Equity",-0.298332507992535,-0.0732763206969895,"2"
20180630,"700 HK Equity",0.268836698323874,-0.0728052490527897,"2"
20180630,"215 HK Equity",0.094668559006822,-0.125022617955177,"2"
20180630,"268 HK Equity",1.03679697930102,-0.10570839007097,"1"
20180630,"1171 HK Equity",-0.386783078362453,-0.0991721910215822,"2"
20180630,"8005 HK Equity",-0.377979714849598,-0.0495487029760677,"2"
20180630,"817 HK Equity",-0.220365054824121,-0.105236736340482,"2"
20180630,"1866 HK Equity",-0.380617131181672,-0.112260926199823,"2"
20180630,"297 HK Equity",-0.36801767082369,-0.113049514993428,"2"
20180630,"570 HK Equity",-0.225355471678758,-0.112855865515876,"2"
20180630,"2238 HK Equity",-0.337023794153463,-0.0930983619683843,"2"
20180630,"451 HK Equity",-0.361979786118519,-0.0979055990024685,"2"
20180630,"2698 HK Equity",-0.401591520433687,-0.0944450598390323,"2"
20180630,"555 HK Equity",-0.493164410702682,-0.0309442639394885,"2"
20180630,"494 HK Equity",-0.272030219376015,-0.0483917287050883,"2"
20180630,"884 HK Equity",-0.341327105284451,-0.0690053336632088,"2"
20180630,"274 HK Equity",-0.178201483918139,0.0700665717006138,"2"
20180630,"798 HK Equity",-0.334435368246379,-0.107596899137628,"2"
20180630,"1128 HK Equity",-0.0120300871547987,-0.0953639332945065,"2"
20180630,"285 HK Equity",-0.305585391107956,-0.0940077558055056,"2"
20180630,"1166 HK Equity",-0.367858826428973,-0.0926422939106933,"2"
20180630,"2358 HK Equity",-0.0108476803424682,-0.0762676510758912,"2"
20180630,"17 HK Equity",-0.333698618645175,-0.0934708873234155,"2"
20180630,"272 HK Equity",-0.3528815252235,-0.126541357756449,"2"
20180630,"1185 HK Equity",0.133804116872947,-0.178629659463532,"2"
20180630,"1093 HK Equity",0.349507609741009,-0.104019899558241,"2"
20180630,"1237 HK Equity",-0.464411741021452,-0.0822397923028238,"2"
20180630,"1046 HK Equity",2,-0.0981495001388656,"1"
20180630,"1132 HK Equity",-0.49003181898629,0.0397228369253607,"2"
20180630,"235 HK Equity",-0.388226336220487,-0.0979055990024685,"2"
20180630,"686 HK Equity",-0.430344404160359,-0.0979055990024685,"2"
20180630,"750 HK Equity",-0.397910443957312,-0.0743147351622561,"2"
20180630,"1813 HK Equity",-0.369029295923245,-0.120695219127369,"2"
20180630,"182 HK Equity",-0.154358985916931,-0.121588628839557,"2"
20180630,"1966 HK Equity",-0.402005381729472,-0.103122956748844,"2"
20180630,"732 HK Equity",0.751936247698074,-0.114203141879964,"1"
20180630,"449 HK Equity",-0.191976320268037,-0.100052059364481,"2"
20180630,"3380 HK Equity",-0.294666641722338,-0.0991186247478582,"2"
20180630,"1733 HK Equity",-0.471331801640784,-0.105506746554824,"2"
20180630,"3900 HK Equity",-0.308644769477005,-0.0741420397628519,"2"
20180630,"850 HK Equity",-0.292373313715908,-0.0979055990024685,"2"
20180630,"1616 HK Equity",0.000424182933385632,-0.127612053244486,"2"
20180630,"123 HK Equity",-0.312234107179819,-0.119277041526949,"2"
20180630,"1371 HK Equity",-0.13500903887926,-0.0672001779155014,"2"
20180630,"39 HK Equity",-0.417811228087897,-0.0778986817862046,"2"
20180630,"119 HK Equity",-0.406028503173452,-0.109393637710163,"2"
20180630,"1458 HK Equity",-0.254731287114054,-0.117068400621242,"2"
20180630,"8347 HK Equity",2,-0.123503096890442,"1"
20180630,"688 HK Equity",-0.34352939791893,-0.125703929357544,"2"
20180630,"1439 HK Equity",-0.359554248596316,-0.0964529606725423,"2"
20180630,"8321 HK Equity",-0.34817499402246,-0.0979055990024685,"2"
20180630,"308 HK Equity",-0.369525307155126,-0.0911124889973951,"2"
20180630,"27 HK Equity",-0.0401945522548874,-0.089031851045076,"2"
20180630,"486 HK Equity",-0.40980325855632,-0.102007099580921,"2"
20180630,"1919 HK Equity",-0.274133522614461,-0.100947237333934,"2"
20180630,"697 HK Equity",0.425918880484983,-0.0979055990024685,"2"
20180630,"2323 HK Equity",-0.453657927537525,-0.104190526673883,"2"
20180630,"59 HK Equity",-0.396119865247497,-0.0604648000775236,"2"
20180630,"1389 HK Equity",0.111169758634747,-0.0850971304038219,"2"
20180630,"8156 HK Equity",0.420011292150896,0.0405326855181732,"2"
20180630,"1115 HK Equity",-0.274636243324988,-0.0876911388299402,"2"
20180630,"8237 HK Equity",-0.220788777904163,-0.0753106945823355,"2"
20180630,"868 HK Equity",-0.303678634336628,-0.0891769385121128,"2"
20180630,"1982 HK Equity",-0.434722591578505,-0.132002709998178,"2"
20180630,"3836 HK Equity",-0.419759552707453,-0.08244003933396,"2"
20180630,"326 HK Equity",-0.351660073514977,-0.0979055990024685,"2"
20180630,"922 HK Equity",1.58844075080557,-0.0944314920755877,"1"
20180630,"489 HK Equity",-0.40594347727122,-0.0982706855200601,"2"
20180630,"151 HK Equity",0.00295238990543448,-0.0979055990024685,"2"
20180630,"2362 HK Equity",-0.298577152193229,-0.10536106811151,"2"
20180630,"3799 HK Equity",-0.0917508101616021,-0.128554796301554,"2"
20180630,"2357 HK Equity",-0.129955781443321,-0.105816065706991,"2"
20180630,"2869 HK Equity",0.614770977999315,-0.126219259449174,"1"
20180630,"354 HK Equity",-0.208620001841922,0.0628936876318759,"2"
20180630,"2382 HK Equity",0.372092382937337,-0.119470685453429,"2"
20180630,"3737 HK Equity",-0.177174504653222,-0.0914531473268862,"2"
20180630,"1333 HK Equity",-0.397301782594219,-0.111592457040136,"2"
20180630,"1728 HK Equity",-0.410467028730179,-0.092842975589774,"2"
20180630,"2100 HK Equity",0.984922207592,-0.0860759500352874,"1"
20180630,"916 HK Equity",-0.318915924014657,-0.080421943713461,"2"
20180630,"1030 HK Equity",-0.264614837727783,-0.0915580818690771,"2"
20180630,"2386 HK Equity",-0.132771067371317,-0.0583020622492833,"2"
20180630,"2002 HK Equity",-0.452208823934071,-0.125797591170239,"2"
20180630,"2689 HK Equity",-0.404077856667557,-0.0989899432129373,"2"
20180630,"698 HK Equity",-0.417758942514413,-0.101894047413391,"2"
20180630,"886 HK Equity",-0.405069954952304,-0.0979055990024685,"2"
20180630,"3983 HK Equity",2,-0.102648222336995,"1"
20180630,"390 HK Equity",-0.357857826942365,-0.121326269797018,"2"
20180630,"2005 HK Equity",0.0973382614202696,-0.0992118044340389,"2"
20180630,"860 HK Equity",0.202562049993126,-0.0486303654376675,"2"
20180630,"1243 HK Equity",-0.326465763389068,1.10184310039376,"3"
20180630,"2268 HK Equity",-0.491004940990127,0.0151228044688097,"2"
20180630,"371 HK Equity",-0.278573506477519,0.0103635645075154,"2"
20180630,"520 HK Equity",0.0287512906130246,-0.133377229121236,"2"
20180630,"1869 HK Equity",-0.301272337352481,-0.124492661005468,"2"
20180630,"2343 HK Equity",2,-0.0889584763669527,"1"
20180630,"563 HK Equity",-0.298852626051357,-0.0917993290854823,"2"
20180630,"1898 HK Equity",-0.25486489883651,-0.0907582027573687,"2"
20180630,"1636 HK Equity",0.287008380686403,-0.00431051061416603,"2"
20180630,"433 HK Equity",-0.470301727176766,-0.0418797510856636,"2"
20180630,"2319 HK Equity",0.707356169409131,-0.0930152919416203,"1"
20180630,"1302 HK Equity",0.243419081738523,-0.0860670252066509,"2"
20180630,"1280 HK Equity",-0.370525733403249,-0.0979055990024685,"2"
20180630,"3311 HK Equity",-0.36795706148938,-0.108548824057346,"2"
20180630,"144 HK Equity",-0.352195017793964,-0.0898785461238938,"2"
20180630,"1999 HK Equity",-0.226441017620372,-0.106543944419336,"2"
20180630,"2327 HK Equity",-0.0643720203203011,-0.0979055990024685,"2"
20180630,"153 HK Equity",-0.46432576413933,-0.132284605861465,"2"
20180630,"656 HK Equity",-0.366765073303487,-0.06783622876167,"2"
20180630,"257 HK Equity",-0.330069695121225,-0.090309454647157,"2"
20180630,"82 HK Equity",0.78660686337652,-0.0979055990024685,"1"
20180630,"295 HK Equity",-0.2747244598592,0.195446394666568,"2"
20180630,"400 HK Equity",-0.370464294218763,-0.120273764890325,"2"
20180630,"2331 HK Equity",1.98441797288064,-0.0950240749151641,"1"
20180630,"189 HK Equity",-0.398755447079453,-0.106910342704058,"2"
20180630,"558 HK Equity",-0.442287370554347,-0.103343335256925,"2"
20180630,"467 HK Equity",0.174275482244537,-0.0869639610308052,"2"
20180630,"3389 HK Equity",0.900678128500981,-0.0873834812720022,"1"
20180630,"751 HK Equity",-0.24808794498584,-0.09532546606207,"2"
20180630,"1172 HK Equity",0.292755611795748,-0.0918374057423563,"2"
20180630,"3339 HK Equity",-0.32151764024164,-0.108955636444126,"2"
20180630,"530 HK Equity",-0.204899503531368,-0.0818259061921395,"2"
20180630,"1520 HK Equity",-0.325040717889254,0.148131434168049,"2"
20180630,"512 HK Equity",-0.014993735751638,-0.101508926213779,"2"
20180630,"101 HK Equity",-0.285735732275277,-0.0934129167629431,"2"
20180630,"2326 HK Equity",-0.446156795178717,-0.122957599693198,"2"
20180630,"1238 HK Equity",-0.375855131304735,-0.0931131965783474,"2"
20180630,"3377 HK Equity",-0.418062631606839,-0.0964653074597098,"2"
20180630,"1091 HK Equity",-0.321601633739598,-0.0703498440316191,"2"
20180630,"1240 HK Equity",-0.424164200445548,-0.108007008866812,"2"
20180630,"245 HK Equity",-0.19194993745447,-0.0979055990024685,"2"
20180630,"1109 HK Equity",-0.245512192959163,-0.100543563658261,"2"
20180630,"606 HK Equity",-0.0548088275960543,-0.0970705138258272,"2"
20180630,"1690 HK Equity",-0.405166992833502,-0.0678344413071368,"2"
20180630,"2303 HK Equity",-0.15216374535638,-0.111237610081109,"2"
20180630,"2314 HK Equity",-0.412113162684849,-0.107972047188166,"2"
20180630,"334 HK Equity",-0.322984750606745,-0.114868899700678,"2"
20180630,"332 HK Equity",-0.0635496526514687,-0.0944951319129493,"2"
20180630,"604 HK Equity",-0.391379229443407,-0.143751403265295,"2"
20180630,"1293 HK Equity",-0.396821458535918,-0.0897860884012544,"2"
20180630,"1430 HK Equity",-0.123032181840111,-0.0745783109382003,"2"
20180630,"8059 HK Equity",-0.315704832275828,-0.138201323046147,"2"
20180630,"95 HK Equity",-0.245039556807296,0.00828788330417265,"2"
20180630,"1176 HK Equity",0.387877650355344,-0.105984871456352,"2"
20180630,"3396 HK Equity",-0.339347309768552,-0.0405003510878097,"2"
20180630,"410 HK Equity",-0.447903783541793,-0.0886634107247176,"2"
20180630,"445 HK Equity",2,-0.0790381474900646,"1"
20180630,"3337 HK Equity",0.234840439389998,-0.0641548925996592,"2"
20180630,"207 HK Equity",-0.270116985382528,-0.0642804432415958,"2"
20180630,"3808 HK Equity",-0.284518890303165,-0.0955652887040046,"2"
20180630,"546 HK Equity",-0.363745726969951,-0.114694485085173,"2"
20180630,"322 HK Equity",0.0674327628593536,-0.109776686189372,"2"
20180630,"976 HK Equity",-0.456142331693348,-0.0527906826604736,"2"
20180630,"1980 HK Equity",-0.328958990095731,0.0957399136084324,"2"
20180630,"1622 HK Equity",-0.116806132235583,-0.0895151484985664,"2"
20180630,"2038 HK Equity",-0.401373920663453,-0.074077634266625,"2"
20180630,"460 HK Equity",-0.357864690558244,-0.106851586639674,"2"
20180630,"1818 HK Equity",0.344911749402014,-0.0912119192067811,"2"
20181231,"386 HK Equity",-0.355476029777889,-0.166626857620991,"2"
20181231,"680 HK Equity",-0.413011137171357,-0.178337663019197,"2"
20181231,"607 HK Equity",-0.535324764251887,-0.168807779807773,"2"
20181231,"3800 HK Equity",-0.413544925055603,-0.182307055484058,"2"
20181231,"8078 HK Equity",2,-0.276184931175392,"1"
20181231,"1060 HK Equity",1.0596596996173,-0.166626857620991,"1"
20181231,"2007 HK Equity",-0.366647618372089,-0.177863148529168,"2"
20181231,"1222 HK Equity",-0.519184823522528,-0.0652567833312588,"2"
20181231,"295 HK Equity",-0.0370062051095353,-0.222277457874501,"2"
20181231,"136 HK Equity",0.935993199293479,-0.249387198501037,"1"
20181231,"2098 HK Equity",-0.454943489699409,2,"3"
20181231,"1093 HK Equity",0.482413728688618,-0.172111555095955,"2"
20181231,"1029 HK Equity",-0.538645863494017,-0.140982460371336,"2"
20181231,"1106 HK Equity",-0.492762866495867,-0.148973533090661,"2"
20181231,"555 HK Equity",-0.562760896704129,-0.228443837840211,"2"
20181231,"884 HK Equity",-0.385240512799002,-0.195889907395454,"2"
20181231,"1387 HK Equity",1.12314865294993,-0.166626857620991,"1"
20181231,"1103 HK Equity",-0.556988318661174,-0.25652849161647,"2"
20181231,"288 HK Equity",-0.159158651542881,-0.171860587596263,"2"
20181231,"3389 HK Equity",1.38832210282457,0.0375764080220054,"1"
20181231,"1638 HK Equity",-0.384059399212036,-0.140364869688705,"2"
20181231,"860 HK Equity",0.411108124800545,-0.166626857620991,"2"
20181231,"69 HK Equity",-0.13971352736097,-0.21504783985492,"2"
20181231,"3998 HK Equity",1.03209878078494,-0.10683186453283,"1"
20181231,"1282 HK Equity",-0.370736168167953,-0.262597430237925,"2"
20181231,"379 HK Equity",-0.460612672573416,-0.166626857620991,"2"
20181231,"61 HK Equity",-0.552403051908865,0.167254833575939,"2"
20181231,"996 HK Equity",-0.539827620253363,-0.0629921416210932,"2"
20181231,"1063 HK Equity",-0.302700981464812,-0.135681621400342,"2"
20181231,"707 HK Equity",-0.382786623511136,-0.131661182843874,"2"
20181231,"686 HK Equity",-0.474826253193368,-0.166626857620991,"2"
20181231,"1728 HK Equity",-0.458678967271187,-0.160499942049321,"2"
20181231,"494 HK Equity",-0.477955457151286,-0.17786680774531,"2"
20181231,"2357 HK Equity",-0.0727167163940717,-0.172156811940632,"2"
20181231,"1239 HK Equity",0.00591859386938747,-0.172852751599728,"2"
20181231,"8156 HK Equity",0.715490799099477,0.101073331379422,"1"
20181231,"992 HK Equity",0.246769512559337,-0.177568330383794,"2"
20181231,"704 HK Equity",-0.0761926712443183,-0.179496096569099,"2"
20181231,"3333 HK Equity",-0.383712376797526,-0.13938232318394,"2"
20181231,"486 HK Equity",-0.470783510035246,-0.172895854376516,"2"
20181231,"520 HK Equity",0.134201915579401,-0.132685173674723,"2"
20181231,"658 HK Equity",0.885756321433752,-0.178935583921786,"1"
20181231,"123 HK Equity",-0.331621528719438,-0.193736476406912,"2"
20181231,"817 HK Equity",-0.229360580264436,-0.154974587508924,"2"
20181231,"433 HK Equity",-0.53075800405565,-0.124825127030538,"2"
20181231,"3323 HK Equity",-0.345427013368781,-0.171057050478778,"2"
20181231,"460 HK Equity",-0.362708429307035,-0.205185568033604,"2"
20181231,"887 HK Equity",-0.442245702188693,-0.163095523788733,"2"
20181231,"700 HK Equity",0.443232075010293,-0.185017168039943,"2"
20181231,"268 HK Equity",1.27609131682523,-0.176506511085274,"1"
20181231,"1816 HK Equity",-0.239162414914,-0.175382108110367,"2"
20181231,"885 HK Equity",-0.543581578062374,-0.203805882019798,"2"
20181231,"2343 HK Equity",0.0629943645341925,-0.184620533673976,"2"
20181231,"175 HK Equity",-0.306063124707123,-0.177756264250258,"2"
20181231,"27 HK Equity",-0.0524031970522365,-0.157715190758218,"2"
20181231,"787 HK Equity",-0.40158558026437,-0.218321768528405,"2"
20181231,"6828 HK Equity",0.983967846371914,-0.155610535827886,"1"
20181231,"3377 HK Equity",-0.449203596897428,-0.181723839300905,"2"
20181231,"3337 HK Equity",-0.129263656093635,-0.151251411888213,"2"
20181231,"1076 HK Equity",0.499230545417173,-0.236571044503981,"2"
20181231,"1109 HK Equity",-0.276440473635541,-0.184113215798325,"2"
20181231,"275 HK Equity",-0.515702429074261,2,"3"
20181231,"8047 HK Equity",-0.133896967351005,1.38873572509983,"3"
20181231,"698 HK Equity",-0.469067539786301,-0.177761640644313,"2"
20181231,"826 HK Equity",0.177522073160492,-0.157138439988075,"2"
20181231,"1966 HK Equity",-0.465444419147424,-0.172988355536631,"2"
20181231,"59 HK Equity",-0.160550651586057,-0.147709535304967,"2"
20181231,"371 HK Equity",-0.287694624428796,-0.205150091879018,"2"
20181231,"3 HK Equity",0.280317327297627,-0.145396247762417,"2"
20181231,"535 HK Equity",-0.34459404646116,-0.152349792721228,"2"
20181231,"1250 HK Equity",-0.451232317376621,-0.0481681289337088,"2"
20181231,"354 HK Equity",-0.230578379923625,-0.215817228517122,"2"
20181231,"489 HK Equity",-0.449639233924878,-0.174826886457524,"2"
20181231,"8237 HK Equity",-0.253297245093319,-0.166604050042715,"2"
20181231,"17 HK Equity",-0.422636746203777,-0.171679779559522,"2"
20181231,"1800 HK Equity",-0.417669097691604,-0.169364590847799,"2"
20181231,"2600 HK Equity",0.177493938351861,-0.18423043209175,"2"
20181231,"390 HK Equity",-0.400985002519185,-0.176074559046026,"2"
20181231,"970 HK Equity",-0.512278092392387,-0.154007600694829,"2"
20181231,"1089 HK Equity",1.07510057814803,0.300548913627378,"1"
20181231,"2268 HK Equity",-0.559783944045429,-0.205244923136941,"2"
20181231,"3339 HK Equity",-0.356707386213016,-0.132879093163694,"2"
20181231,"493 HK Equity",0.758336514102395,-0.169764015848733,"1"
20181231,"1030 HK Equity",-0.320870027038719,-0.193098304449823,"2"
